width=300
height=300
pixel_count=16400
200,20
201,20
202,20
203,20
204,20
205,20
206,20
207,20
208,20
209,20
210,20
211,20
212,20
213,20
214,20
215,20
216,20
217,20
218,20
219,20
220,20
221,20
222,20
223,20
224,20
225,20
226,20
227,20
228,20
229,20
230,20
231,20
232,20
233,20
234,20
235,20
236,20
237,20
238,20
239,20
240,20
241,20
242,20
243,20
244,20
245,20
246,20
247,20
248,20
249,20
250,20
251,20
252,20
253,20
254,20
255,20
256,20
257,20
258,20
259,20
200,21
201,21
202,21
203,21
204,21
205,21
206,21
207,21
208,21
209,21
210,21
211,21
212,21
213,21
214,21
215,21
216,21
217,21
218,21
219,21
220,21
221,21
222,21
223,21
224,21
225,21
226,21
227,21
228,21
229,21
230,21
231,21
232,21
233,21
234,21
235,21
236,21
237,21
238,21
239,21
240,21
241,21
242,21
243,21
244,21
245,21
246,21
247,21
248,21
249,21
250,21
251,21
252,21
253,21
254,21
255,21
256,21
257,21
258,21
259,21
200,22
201,22
202,22
203,22
204,22
205,22
206,22
207,22
208,22
209,22
210,22
211,22
212,22
213,22
214,22
215,22
216,22
217,22
218,22
219,22
220,22
221,22
222,22
223,22
224,22
225,22
226,22
227,22
228,22
229,22
230,22
231,22
232,22
233,22
234,22
235,22
236,22
237,22
238,22
239,22
240,22
241,22
242,22
243,22
244,22
245,22
246,22
247,22
248,22
249,22
250,22
251,22
252,22
253,22
254,22
255,22
256,22
257,22
258,22
259,22
200,23
201,23
202,23
203,23
204,23
205,23
206,23
207,23
208,23
209,23
210,23
211,23
212,23
213,23
214,23
215,23
216,23
217,23
218,23
219,23
220,23
221,23
222,23
223,23
224,23
225,23
226,23
227,23
228,23
229,23
230,23
231,23
232,23
233,23
234,23
235,23
236,23
237,23
238,23
239,23
240,23
241,23
242,23
243,23
244,23
245,23
246,23
247,23
248,23
249,23
250,23
251,23
252,23
253,23
254,23
255,23
256,23
257,23
258,23
259,23
200,24
201,24
202,24
203,24
204,24
205,24
206,24
207,24
208,24
209,24
210,24
211,24
212,24
213,24
214,24
215,24
216,24
217,24
218,24
219,24
220,24
221,24
222,24
223,24
224,24
225,24
226,24
227,24
228,24
229,24
230,24
231,24
232,24
233,24
234,24
235,24
236,24
237,24
238,24
239,24
240,24
241,24
242,24
243,24
244,24
245,24
246,24
247,24
248,24
249,24
250,24
251,24
252,24
253,24
254,24
255,24
256,24
257,24
258,24
259,24
200,25
201,25
202,25
203,25
204,25
205,25
206,25
207,25
208,25
209,25
210,25
211,25
212,25
213,25
214,25
215,25
216,25
217,25
218,25
219,25
220,25
221,25
222,25
223,25
224,25
225,25
226,25
227,25
228,25
229,25
230,25
231,25
232,25
233,25
234,25
235,25
236,25
237,25
238,25
239,25
240,25
241,25
242,25
243,25
244,25
245,25
246,25
247,25
248,25
249,25
250,25
251,25
252,25
253,25
254,25
255,25
256,25
257,25
258,25
259,25
200,26
201,26
202,26
203,26
204,26
205,26
206,26
207,26
208,26
209,26
210,26
211,26
212,26
213,26
214,26
215,26
216,26
217,26
218,26
219,26
220,26
221,26
222,26
223,26
224,26
225,26
226,26
227,26
228,26
229,26
230,26
231,26
232,26
233,26
234,26
235,26
236,26
237,26
238,26
239,26
240,26
241,26
242,26
243,26
244,26
245,26
246,26
247,26
248,26
249,26
250,26
251,26
252,26
253,26
254,26
255,26
256,26
257,26
258,26
259,26
200,27
201,27
202,27
203,27
204,27
205,27
206,27
207,27
208,27
209,27
210,27
211,27
212,27
213,27
214,27
215,27
216,27
217,27
218,27
219,27
220,27
221,27
222,27
223,27
224,27
225,27
226,27
227,27
228,27
229,27
230,27
231,27
232,27
233,27
234,27
235,27
236,27
237,27
238,27
239,27
240,27
241,27
242,27
243,27
244,27
245,27
246,27
247,27
248,27
249,27
250,27
251,27
252,27
253,27
254,27
255,27
256,27
257,27
258,27
259,27
200,28
201,28
202,28
203,28
204,28
205,28
206,28
207,28
208,28
209,28
210,28
211,28
212,28
213,28
214,28
215,28
216,28
217,28
218,28
219,28
220,28
221,28
222,28
223,28
224,28
225,28
226,28
227,28
228,28
229,28
230,28
231,28
232,28
233,28
234,28
235,28
236,28
237,28
238,28
239,28
240,28
241,28
242,28
243,28
244,28
245,28
246,28
247,28
248,28
249,28
250,28
251,28
252,28
253,28
254,28
255,28
256,28
257,28
258,28
259,28
200,29
201,29
202,29
203,29
204,29
205,29
206,29
207,29
208,29
209,29
210,29
211,29
212,29
213,29
214,29
215,29
216,29
217,29
218,29
219,29
220,29
221,29
222,29
223,29
224,29
225,29
226,29
227,29
228,29
229,29
230,29
231,29
232,29
233,29
234,29
235,29
236,29
237,29
238,29
239,29
240,29
241,29
242,29
243,29
244,29
245,29
246,29
247,29
248,29
249,29
250,29
251,29
252,29
253,29
254,29
255,29
256,29
257,29
258,29
259,29
200,30
201,30
202,30
203,30
204,30
205,30
206,30
207,30
208,30
209,30
210,30
211,30
212,30
213,30
214,30
215,30
216,30
217,30
218,30
219,30
220,30
221,30
222,30
223,30
224,30
225,30
226,30
227,30
228,30
229,30
230,30
231,30
232,30
233,30
234,30
235,30
236,30
237,30
238,30
239,30
240,30
241,30
242,30
243,30
244,30
245,30
246,30
247,30
248,30
249,30
250,30
251,30
252,30
253,30
254,30
255,30
256,30
257,30
258,30
259,30
200,31
201,31
202,31
203,31
204,31
205,31
206,31
207,31
208,31
209,31
210,31
211,31
212,31
213,31
214,31
215,31
216,31
217,31
218,31
219,31
220,31
221,31
222,31
223,31
224,31
225,31
226,31
227,31
228,31
229,31
230,31
231,31
232,31
233,31
234,31
235,31
236,31
237,31
238,31
239,31
240,31
241,31
242,31
243,31
244,31
245,31
246,31
247,31
248,31
249,31
250,31
251,31
252,31
253,31
254,31
255,31
256,31
257,31
258,31
259,31
200,32
201,32
202,32
203,32
204,32
205,32
206,32
207,32
208,32
209,32
210,32
211,32
212,32
213,32
214,32
215,32
216,32
217,32
218,32
219,32
220,32
221,32
222,32
223,32
224,32
225,32
226,32
227,32
228,32
229,32
230,32
231,32
232,32
233,32
234,32
235,32
236,32
237,32
238,32
239,32
240,32
241,32
242,32
243,32
244,32
245,32
246,32
247,32
248,32
249,32
250,32
251,32
252,32
253,32
254,32
255,32
256,32
257,32
258,32
259,32
200,33
201,33
202,33
203,33
204,33
205,33
206,33
207,33
208,33
209,33
210,33
211,33
212,33
213,33
214,33
215,33
216,33
217,33
218,33
219,33
220,33
221,33
222,33
223,33
224,33
225,33
226,33
227,33
228,33
229,33
230,33
231,33
232,33
233,33
234,33
235,33
236,33
237,33
238,33
239,33
240,33
241,33
242,33
243,33
244,33
245,33
246,33
247,33
248,33
249,33
250,33
251,33
252,33
253,33
254,33
255,33
256,33
257,33
258,33
259,33
200,34
201,34
202,34
203,34
204,34
205,34
206,34
207,34
208,34
209,34
210,34
211,34
212,34
213,34
214,34
215,34
216,34
217,34
218,34
219,34
220,34
221,34
222,34
223,34
224,34
225,34
226,34
227,34
228,34
229,34
230,34
231,34
232,34
233,34
234,34
235,34
236,34
237,34
238,34
239,34
240,34
241,34
242,34
243,34
244,34
245,34
246,34
247,34
248,34
249,34
250,34
251,34
252,34
253,34
254,34
255,34
256,34
257,34
258,34
259,34
200,35
201,35
202,35
203,35
204,35
205,35
206,35
207,35
208,35
209,35
210,35
211,35
212,35
213,35
214,35
215,35
216,35
217,35
218,35
219,35
220,35
221,35
222,35
223,35
224,35
225,35
226,35
227,35
228,35
229,35
230,35
231,35
232,35
233,35
234,35
235,35
236,35
237,35
238,35
239,35
240,35
241,35
242,35
243,35
244,35
245,35
246,35
247,35
248,35
249,35
250,35
251,35
252,35
253,35
254,35
255,35
256,35
257,35
258,35
259,35
200,36
201,36
202,36
203,36
204,36
205,36
206,36
207,36
208,36
209,36
210,36
211,36
212,36
213,36
214,36
215,36
216,36
217,36
218,36
219,36
220,36
221,36
222,36
223,36
224,36
225,36
226,36
227,36
228,36
229,36
230,36
231,36
232,36
233,36
234,36
235,36
236,36
237,36
238,36
239,36
240,36
241,36
242,36
243,36
244,36
245,36
246,36
247,36
248,36
249,36
250,36
251,36
252,36
253,36
254,36
255,36
256,36
257,36
258,36
259,36
200,37
201,37
202,37
203,37
204,37
205,37
206,37
207,37
208,37
209,37
210,37
211,37
212,37
213,37
214,37
215,37
216,37
217,37
218,37
219,37
220,37
221,37
222,37
223,37
224,37
225,37
226,37
227,37
228,37
229,37
230,37
231,37
232,37
233,37
234,37
235,37
236,37
237,37
238,37
239,37
240,37
241,37
242,37
243,37
244,37
245,37
246,37
247,37
248,37
249,37
250,37
251,37
252,37
253,37
254,37
255,37
256,37
257,37
258,37
259,37
200,38
201,38
202,38
203,38
204,38
205,38
206,38
207,38
208,38
209,38
210,38
211,38
212,38
213,38
214,38
215,38
216,38
217,38
218,38
219,38
220,38
221,38
222,38
223,38
224,38
225,38
226,38
227,38
228,38
229,38
230,38
231,38
232,38
233,38
234,38
235,38
236,38
237,38
238,38
239,38
240,38
241,38
242,38
243,38
244,38
245,38
246,38
247,38
248,38
249,38
250,38
251,38
252,38
253,38
254,38
255,38
256,38
257,38
258,38
259,38
200,39
201,39
202,39
203,39
204,39
205,39
206,39
207,39
208,39
209,39
210,39
211,39
212,39
213,39
214,39
215,39
216,39
217,39
218,39
219,39
220,39
221,39
222,39
223,39
224,39
225,39
226,39
227,39
228,39
229,39
230,39
231,39
232,39
233,39
234,39
235,39
236,39
237,39
238,39
239,39
240,39
241,39
242,39
243,39
244,39
245,39
246,39
247,39
248,39
249,39
250,39
251,39
252,39
253,39
254,39
255,39
256,39
257,39
258,39
259,39
140,40
141,40
142,40
143,40
144,40
145,40
146,40
147,40
148,40
149,40
150,40
151,40
152,40
153,40
154,40
155,40
156,40
157,40
158,40
159,40
160,40
161,40
162,40
163,40
164,40
165,40
166,40
167,40
168,40
169,40
170,40
171,40
172,40
173,40
174,40
175,40
176,40
177,40
178,40
179,40
180,40
181,40
182,40
183,40
184,40
185,40
186,40
187,40
188,40
189,40
190,40
191,40
192,40
193,40
194,40
195,40
196,40
197,40
198,40
199,40
240,40
241,40
242,40
243,40
244,40
245,40
246,40
247,40
248,40
249,40
250,40
251,40
252,40
253,40
254,40
255,40
256,40
257,40
258,40
259,40
140,41
141,41
142,41
143,41
144,41
145,41
146,41
147,41
148,41
149,41
150,41
151,41
152,41
153,41
154,41
155,41
156,41
157,41
158,41
159,41
160,41
161,41
162,41
163,41
164,41
165,41
166,41
167,41
168,41
169,41
170,41
171,41
172,41
173,41
174,41
175,41
176,41
177,41
178,41
179,41
180,41
181,41
182,41
183,41
184,41
185,41
186,41
187,41
188,41
189,41
190,41
191,41
192,41
193,41
194,41
195,41
196,41
197,41
198,41
199,41
240,41
241,41
242,41
243,41
244,41
245,41
246,41
247,41
248,41
249,41
250,41
251,41
252,41
253,41
254,41
255,41
256,41
257,41
258,41
259,41
140,42
141,42
142,42
143,42
144,42
145,42
146,42
147,42
148,42
149,42
150,42
151,42
152,42
153,42
154,42
155,42
156,42
157,42
158,42
159,42
160,42
161,42
162,42
163,42
164,42
165,42
166,42
167,42
168,42
169,42
170,42
171,42
172,42
173,42
174,42
175,42
176,42
177,42
178,42
179,42
180,42
181,42
182,42
183,42
184,42
185,42
186,42
187,42
188,42
189,42
190,42
191,42
192,42
193,42
194,42
195,42
196,42
197,42
198,42
199,42
240,42
241,42
242,42
243,42
244,42
245,42
246,42
247,42
248,42
249,42
250,42
251,42
252,42
253,42
254,42
255,42
256,42
257,42
258,42
259,42
140,43
141,43
142,43
143,43
144,43
145,43
146,43
147,43
148,43
149,43
150,43
151,43
152,43
153,43
154,43
155,43
156,43
157,43
158,43
159,43
160,43
161,43
162,43
163,43
164,43
165,43
166,43
167,43
168,43
169,43
170,43
171,43
172,43
173,43
174,43
175,43
176,43
177,43
178,43
179,43
180,43
181,43
182,43
183,43
184,43
185,43
186,43
187,43
188,43
189,43
190,43
191,43
192,43
193,43
194,43
195,43
196,43
197,43
198,43
199,43
240,43
241,43
242,43
243,43
244,43
245,43
246,43
247,43
248,43
249,43
250,43
251,43
252,43
253,43
254,43
255,43
256,43
257,43
258,43
259,43
140,44
141,44
142,44
143,44
144,44
145,44
146,44
147,44
148,44
149,44
150,44
151,44
152,44
153,44
154,44
155,44
156,44
157,44
158,44
159,44
160,44
161,44
162,44
163,44
164,44
165,44
166,44
167,44
168,44
169,44
170,44
171,44
172,44
173,44
174,44
175,44
176,44
177,44
178,44
179,44
180,44
181,44
182,44
183,44
184,44
185,44
186,44
187,44
188,44
189,44
190,44
191,44
192,44
193,44
194,44
195,44
196,44
197,44
198,44
199,44
240,44
241,44
242,44
243,44
244,44
245,44
246,44
247,44
248,44
249,44
250,44
251,44
252,44
253,44
254,44
255,44
256,44
257,44
258,44
259,44
140,45
141,45
142,45
143,45
144,45
145,45
146,45
147,45
148,45
149,45
150,45
151,45
152,45
153,45
154,45
155,45
156,45
157,45
158,45
159,45
160,45
161,45
162,45
163,45
164,45
165,45
166,45
167,45
168,45
169,45
170,45
171,45
172,45
173,45
174,45
175,45
176,45
177,45
178,45
179,45
180,45
181,45
182,45
183,45
184,45
185,45
186,45
187,45
188,45
189,45
190,45
191,45
192,45
193,45
194,45
195,45
196,45
197,45
198,45
199,45
240,45
241,45
242,45
243,45
244,45
245,45
246,45
247,45
248,45
249,45
250,45
251,45
252,45
253,45
254,45
255,45
256,45
257,45
258,45
259,45
140,46
141,46
142,46
143,46
144,46
145,46
146,46
147,46
148,46
149,46
150,46
151,46
152,46
153,46
154,46
155,46
156,46
157,46
158,46
159,46
160,46
161,46
162,46
163,46
164,46
165,46
166,46
167,46
168,46
169,46
170,46
171,46
172,46
173,46
174,46
175,46
176,46
177,46
178,46
179,46
180,46
181,46
182,46
183,46
184,46
185,46
186,46
187,46
188,46
189,46
190,46
191,46
192,46
193,46
194,46
195,46
196,46
197,46
198,46
199,46
240,46
241,46
242,46
243,46
244,46
245,46
246,46
247,46
248,46
249,46
250,46
251,46
252,46
253,46
254,46
255,46
256,46
257,46
258,46
259,46
140,47
141,47
142,47
143,47
144,47
145,47
146,47
147,47
148,47
149,47
150,47
151,47
152,47
153,47
154,47
155,47
156,47
157,47
158,47
159,47
160,47
161,47
162,47
163,47
164,47
165,47
166,47
167,47
168,47
169,47
170,47
171,47
172,47
173,47
174,47
175,47
176,47
177,47
178,47
179,47
180,47
181,47
182,47
183,47
184,47
185,47
186,47
187,47
188,47
189,47
190,47
191,47
192,47
193,47
194,47
195,47
196,47
197,47
198,47
199,47
240,47
241,47
242,47
243,47
244,47
245,47
246,47
247,47
248,47
249,47
250,47
251,47
252,47
253,47
254,47
255,47
256,47
257,47
258,47
259,47
140,48
141,48
142,48
143,48
144,48
145,48
146,48
147,48
148,48
149,48
150,48
151,48
152,48
153,48
154,48
155,48
156,48
157,48
158,48
159,48
160,48
161,48
162,48
163,48
164,48
165,48
166,48
167,48
168,48
169,48
170,48
171,48
172,48
173,48
174,48
175,48
176,48
177,48
178,48
179,48
180,48
181,48
182,48
183,48
184,48
185,48
186,48
187,48
188,48
189,48
190,48
191,48
192,48
193,48
194,48
195,48
196,48
197,48
198,48
199,48
240,48
241,48
242,48
243,48
244,48
245,48
246,48
247,48
248,48
249,48
250,48
251,48
252,48
253,48
254,48
255,48
256,48
257,48
258,48
259,48
140,49
141,49
142,49
143,49
144,49
145,49
146,49
147,49
148,49
149,49
150,49
151,49
152,49
153,49
154,49
155,49
156,49
157,49
158,49
159,49
160,49
161,49
162,49
163,49
164,49
165,49
166,49
167,49
168,49
169,49
170,49
171,49
172,49
173,49
174,49
175,49
176,49
177,49
178,49
179,49
180,49
181,49
182,49
183,49
184,49
185,49
186,49
187,49
188,49
189,49
190,49
191,49
192,49
193,49
194,49
195,49
196,49
197,49
198,49
199,49
240,49
241,49
242,49
243,49
244,49
245,49
246,49
247,49
248,49
249,49
250,49
251,49
252,49
253,49
254,49
255,49
256,49
257,49
258,49
259,49
140,50
141,50
142,50
143,50
144,50
145,50
146,50
147,50
148,50
149,50
150,50
151,50
152,50
153,50
154,50
155,50
156,50
157,50
158,50
159,50
160,50
161,50
162,50
163,50
164,50
165,50
166,50
167,50
168,50
169,50
170,50
171,50
172,50
173,50
174,50
175,50
176,50
177,50
178,50
179,50
180,50
181,50
182,50
183,50
184,50
185,50
186,50
187,50
188,50
189,50
190,50
191,50
192,50
193,50
194,50
195,50
196,50
197,50
198,50
199,50
240,50
241,50
242,50
243,50
244,50
245,50
246,50
247,50
248,50
249,50
250,50
251,50
252,50
253,50
254,50
255,50
256,50
257,50
258,50
259,50
140,51
141,51
142,51
143,51
144,51
145,51
146,51
147,51
148,51
149,51
150,51
151,51
152,51
153,51
154,51
155,51
156,51
157,51
158,51
159,51
160,51
161,51
162,51
163,51
164,51
165,51
166,51
167,51
168,51
169,51
170,51
171,51
172,51
173,51
174,51
175,51
176,51
177,51
178,51
179,51
180,51
181,51
182,51
183,51
184,51
185,51
186,51
187,51
188,51
189,51
190,51
191,51
192,51
193,51
194,51
195,51
196,51
197,51
198,51
199,51
240,51
241,51
242,51
243,51
244,51
245,51
246,51
247,51
248,51
249,51
250,51
251,51
252,51
253,51
254,51
255,51
256,51
257,51
258,51
259,51
140,52
141,52
142,52
143,52
144,52
145,52
146,52
147,52
148,52
149,52
150,52
151,52
152,52
153,52
154,52
155,52
156,52
157,52
158,52
159,52
160,52
161,52
162,52
163,52
164,52
165,52
166,52
167,52
168,52
169,52
170,52
171,52
172,52
173,52
174,52
175,52
176,52
177,52
178,52
179,52
180,52
181,52
182,52
183,52
184,52
185,52
186,52
187,52
188,52
189,52
190,52
191,52
192,52
193,52
194,52
195,52
196,52
197,52
198,52
199,52
240,52
241,52
242,52
243,52
244,52
245,52
246,52
247,52
248,52
249,52
250,52
251,52
252,52
253,52
254,52
255,52
256,52
257,52
258,52
259,52
140,53
141,53
142,53
143,53
144,53
145,53
146,53
147,53
148,53
149,53
150,53
151,53
152,53
153,53
154,53
155,53
156,53
157,53
158,53
159,53
160,53
161,53
162,53
163,53
164,53
165,53
166,53
167,53
168,53
169,53
170,53
171,53
172,53
173,53
174,53
175,53
176,53
177,53
178,53
179,53
180,53
181,53
182,53
183,53
184,53
185,53
186,53
187,53
188,53
189,53
190,53
191,53
192,53
193,53
194,53
195,53
196,53
197,53
198,53
199,53
240,53
241,53
242,53
243,53
244,53
245,53
246,53
247,53
248,53
249,53
250,53
251,53
252,53
253,53
254,53
255,53
256,53
257,53
258,53
259,53
140,54
141,54
142,54
143,54
144,54
145,54
146,54
147,54
148,54
149,54
150,54
151,54
152,54
153,54
154,54
155,54
156,54
157,54
158,54
159,54
160,54
161,54
162,54
163,54
164,54
165,54
166,54
167,54
168,54
169,54
170,54
171,54
172,54
173,54
174,54
175,54
176,54
177,54
178,54
179,54
180,54
181,54
182,54
183,54
184,54
185,54
186,54
187,54
188,54
189,54
190,54
191,54
192,54
193,54
194,54
195,54
196,54
197,54
198,54
199,54
240,54
241,54
242,54
243,54
244,54
245,54
246,54
247,54
248,54
249,54
250,54
251,54
252,54
253,54
254,54
255,54
256,54
257,54
258,54
259,54
140,55
141,55
142,55
143,55
144,55
145,55
146,55
147,55
148,55
149,55
150,55
151,55
152,55
153,55
154,55
155,55
156,55
157,55
158,55
159,55
160,55
161,55
162,55
163,55
164,55
165,55
166,55
167,55
168,55
169,55
170,55
171,55
172,55
173,55
174,55
175,55
176,55
177,55
178,55
179,55
180,55
181,55
182,55
183,55
184,55
185,55
186,55
187,55
188,55
189,55
190,55
191,55
192,55
193,55
194,55
195,55
196,55
197,55
198,55
199,55
240,55
241,55
242,55
243,55
244,55
245,55
246,55
247,55
248,55
249,55
250,55
251,55
252,55
253,55
254,55
255,55
256,55
257,55
258,55
259,55
140,56
141,56
142,56
143,56
144,56
145,56
146,56
147,56
148,56
149,56
150,56
151,56
152,56
153,56
154,56
155,56
156,56
157,56
158,56
159,56
160,56
161,56
162,56
163,56
164,56
165,56
166,56
167,56
168,56
169,56
170,56
171,56
172,56
173,56
174,56
175,56
176,56
177,56
178,56
179,56
180,56
181,56
182,56
183,56
184,56
185,56
186,56
187,56
188,56
189,56
190,56
191,56
192,56
193,56
194,56
195,56
196,56
197,56
198,56
199,56
240,56
241,56
242,56
243,56
244,56
245,56
246,56
247,56
248,56
249,56
250,56
251,56
252,56
253,56
254,56
255,56
256,56
257,56
258,56
259,56
140,57
141,57
142,57
143,57
144,57
145,57
146,57
147,57
148,57
149,57
150,57
151,57
152,57
153,57
154,57
155,57
156,57
157,57
158,57
159,57
160,57
161,57
162,57
163,57
164,57
165,57
166,57
167,57
168,57
169,57
170,57
171,57
172,57
173,57
174,57
175,57
176,57
177,57
178,57
179,57
180,57
181,57
182,57
183,57
184,57
185,57
186,57
187,57
188,57
189,57
190,57
191,57
192,57
193,57
194,57
195,57
196,57
197,57
198,57
199,57
240,57
241,57
242,57
243,57
244,57
245,57
246,57
247,57
248,57
249,57
250,57
251,57
252,57
253,57
254,57
255,57
256,57
257,57
258,57
259,57
140,58
141,58
142,58
143,58
144,58
145,58
146,58
147,58
148,58
149,58
150,58
151,58
152,58
153,58
154,58
155,58
156,58
157,58
158,58
159,58
160,58
161,58
162,58
163,58
164,58
165,58
166,58
167,58
168,58
169,58
170,58
171,58
172,58
173,58
174,58
175,58
176,58
177,58
178,58
179,58
180,58
181,58
182,58
183,58
184,58
185,58
186,58
187,58
188,58
189,58
190,58
191,58
192,58
193,58
194,58
195,58
196,58
197,58
198,58
199,58
240,58
241,58
242,58
243,58
244,58
245,58
246,58
247,58
248,58
249,58
250,58
251,58
252,58
253,58
254,58
255,58
256,58
257,58
258,58
259,58
140,59
141,59
142,59
143,59
144,59
145,59
146,59
147,59
148,59
149,59
150,59
151,59
152,59
153,59
154,59
155,59
156,59
157,59
158,59
159,59
160,59
161,59
162,59
163,59
164,59
165,59
166,59
167,59
168,59
169,59
170,59
171,59
172,59
173,59
174,59
175,59
176,59
177,59
178,59
179,59
180,59
181,59
182,59
183,59
184,59
185,59
186,59
187,59
188,59
189,59
190,59
191,59
192,59
193,59
194,59
195,59
196,59
197,59
198,59
199,59
240,59
241,59
242,59
243,59
244,59
245,59
246,59
247,59
248,59
249,59
250,59
251,59
252,59
253,59
254,59
255,59
256,59
257,59
258,59
259,59
80,60
81,60
82,60
83,60
84,60
85,60
86,60
87,60
88,60
89,60
90,60
91,60
92,60
93,60
94,60
95,60
96,60
97,60
98,60
99,60
100,60
101,60
102,60
103,60
104,60
105,60
106,60
107,60
108,60
109,60
110,60
111,60
112,60
113,60
114,60
115,60
116,60
117,60
118,60
119,60
120,60
121,60
122,60
123,60
124,60
125,60
126,60
127,60
128,60
129,60
130,60
131,60
132,60
133,60
134,60
135,60
136,60
137,60
138,60
139,60
240,60
241,60
242,60
243,60
244,60
245,60
246,60
247,60
248,60
249,60
250,60
251,60
252,60
253,60
254,60
255,60
256,60
257,60
258,60
259,60
80,61
81,61
82,61
83,61
84,61
85,61
86,61
87,61
88,61
89,61
90,61
91,61
92,61
93,61
94,61
95,61
96,61
97,61
98,61
99,61
100,61
101,61
102,61
103,61
104,61
105,61
106,61
107,61
108,61
109,61
110,61
111,61
112,61
113,61
114,61
115,61
116,61
117,61
118,61
119,61
120,61
121,61
122,61
123,61
124,61
125,61
126,61
127,61
128,61
129,61
130,61
131,61
132,61
133,61
134,61
135,61
136,61
137,61
138,61
139,61
240,61
241,61
242,61
243,61
244,61
245,61
246,61
247,61
248,61
249,61
250,61
251,61
252,61
253,61
254,61
255,61
256,61
257,61
258,61
259,61
80,62
81,62
82,62
83,62
84,62
85,62
86,62
87,62
88,62
89,62
90,62
91,62
92,62
93,62
94,62
95,62
96,62
97,62
98,62
99,62
100,62
101,62
102,62
103,62
104,62
105,62
106,62
107,62
108,62
109,62
110,62
111,62
112,62
113,62
114,62
115,62
116,62
117,62
118,62
119,62
120,62
121,62
122,62
123,62
124,62
125,62
126,62
127,62
128,62
129,62
130,62
131,62
132,62
133,62
134,62
135,62
136,62
137,62
138,62
139,62
240,62
241,62
242,62
243,62
244,62
245,62
246,62
247,62
248,62
249,62
250,62
251,62
252,62
253,62
254,62
255,62
256,62
257,62
258,62
259,62
80,63
81,63
82,63
83,63
84,63
85,63
86,63
87,63
88,63
89,63
90,63
91,63
92,63
93,63
94,63
95,63
96,63
97,63
98,63
99,63
100,63
101,63
102,63
103,63
104,63
105,63
106,63
107,63
108,63
109,63
110,63
111,63
112,63
113,63
114,63
115,63
116,63
117,63
118,63
119,63
120,63
121,63
122,63
123,63
124,63
125,63
126,63
127,63
128,63
129,63
130,63
131,63
132,63
133,63
134,63
135,63
136,63
137,63
138,63
139,63
240,63
241,63
242,63
243,63
244,63
245,63
246,63
247,63
248,63
249,63
250,63
251,63
252,63
253,63
254,63
255,63
256,63
257,63
258,63
259,63
80,64
81,64
82,64
83,64
84,64
85,64
86,64
87,64
88,64
89,64
90,64
91,64
92,64
93,64
94,64
95,64
96,64
97,64
98,64
99,64
100,64
101,64
102,64
103,64
104,64
105,64
106,64
107,64
108,64
109,64
110,64
111,64
112,64
113,64
114,64
115,64
116,64
117,64
118,64
119,64
120,64
121,64
122,64
123,64
124,64
125,64
126,64
127,64
128,64
129,64
130,64
131,64
132,64
133,64
134,64
135,64
136,64
137,64
138,64
139,64
240,64
241,64
242,64
243,64
244,64
245,64
246,64
247,64
248,64
249,64
250,64
251,64
252,64
253,64
254,64
255,64
256,64
257,64
258,64
259,64
80,65
81,65
82,65
83,65
84,65
85,65
86,65
87,65
88,65
89,65
90,65
91,65
92,65
93,65
94,65
95,65
96,65
97,65
98,65
99,65
100,65
101,65
102,65
103,65
104,65
105,65
106,65
107,65
108,65
109,65
110,65
111,65
112,65
113,65
114,65
115,65
116,65
117,65
118,65
119,65
120,65
121,65
122,65
123,65
124,65
125,65
126,65
127,65
128,65
129,65
130,65
131,65
132,65
133,65
134,65
135,65
136,65
137,65
138,65
139,65
240,65
241,65
242,65
243,65
244,65
245,65
246,65
247,65
248,65
249,65
250,65
251,65
252,65
253,65
254,65
255,65
256,65
257,65
258,65
259,65
80,66
81,66
82,66
83,66
84,66
85,66
86,66
87,66
88,66
89,66
90,66
91,66
92,66
93,66
94,66
95,66
96,66
97,66
98,66
99,66
100,66
101,66
102,66
103,66
104,66
105,66
106,66
107,66
108,66
109,66
110,66
111,66
112,66
113,66
114,66
115,66
116,66
117,66
118,66
119,66
120,66
121,66
122,66
123,66
124,66
125,66
126,66
127,66
128,66
129,66
130,66
131,66
132,66
133,66
134,66
135,66
136,66
137,66
138,66
139,66
240,66
241,66
242,66
243,66
244,66
245,66
246,66
247,66
248,66
249,66
250,66
251,66
252,66
253,66
254,66
255,66
256,66
257,66
258,66
259,66
80,67
81,67
82,67
83,67
84,67
85,67
86,67
87,67
88,67
89,67
90,67
91,67
92,67
93,67
94,67
95,67
96,67
97,67
98,67
99,67
100,67
101,67
102,67
103,67
104,67
105,67
106,67
107,67
108,67
109,67
110,67
111,67
112,67
113,67
114,67
115,67
116,67
117,67
118,67
119,67
120,67
121,67
122,67
123,67
124,67
125,67
126,67
127,67
128,67
129,67
130,67
131,67
132,67
133,67
134,67
135,67
136,67
137,67
138,67
139,67
240,67
241,67
242,67
243,67
244,67
245,67
246,67
247,67
248,67
249,67
250,67
251,67
252,67
253,67
254,67
255,67
256,67
257,67
258,67
259,67
80,68
81,68
82,68
83,68
84,68
85,68
86,68
87,68
88,68
89,68
90,68
91,68
92,68
93,68
94,68
95,68
96,68
97,68
98,68
99,68
100,68
101,68
102,68
103,68
104,68
105,68
106,68
107,68
108,68
109,68
110,68
111,68
112,68
113,68
114,68
115,68
116,68
117,68
118,68
119,68
120,68
121,68
122,68
123,68
124,68
125,68
126,68
127,68
128,68
129,68
130,68
131,68
132,68
133,68
134,68
135,68
136,68
137,68
138,68
139,68
240,68
241,68
242,68
243,68
244,68
245,68
246,68
247,68
248,68
249,68
250,68
251,68
252,68
253,68
254,68
255,68
256,68
257,68
258,68
259,68
80,69
81,69
82,69
83,69
84,69
85,69
86,69
87,69
88,69
89,69
90,69
91,69
92,69
93,69
94,69
95,69
96,69
97,69
98,69
99,69
100,69
101,69
102,69
103,69
104,69
105,69
106,69
107,69
108,69
109,69
110,69
111,69
112,69
113,69
114,69
115,69
116,69
117,69
118,69
119,69
120,69
121,69
122,69
123,69
124,69
125,69
126,69
127,69
128,69
129,69
130,69
131,69
132,69
133,69
134,69
135,69
136,69
137,69
138,69
139,69
240,69
241,69
242,69
243,69
244,69
245,69
246,69
247,69
248,69
249,69
250,69
251,69
252,69
253,69
254,69
255,69
256,69
257,69
258,69
259,69
80,70
81,70
82,70
83,70
84,70
85,70
86,70
87,70
88,70
89,70
90,70
91,70
92,70
93,70
94,70
95,70
96,70
97,70
98,70
99,70
100,70
101,70
102,70
103,70
104,70
105,70
106,70
107,70
108,70
109,70
110,70
111,70
112,70
113,70
114,70
115,70
116,70
117,70
118,70
119,70
120,70
121,70
122,70
123,70
124,70
125,70
126,70
127,70
128,70
129,70
130,70
131,70
132,70
133,70
134,70
135,70
136,70
137,70
138,70
139,70
240,70
241,70
242,70
243,70
244,70
245,70
246,70
247,70
248,70
249,70
250,70
251,70
252,70
253,70
254,70
255,70
256,70
257,70
258,70
259,70
80,71
81,71
82,71
83,71
84,71
85,71
86,71
87,71
88,71
89,71
90,71
91,71
92,71
93,71
94,71
95,71
96,71
97,71
98,71
99,71
100,71
101,71
102,71
103,71
104,71
105,71
106,71
107,71
108,71
109,71
110,71
111,71
112,71
113,71
114,71
115,71
116,71
117,71
118,71
119,71
120,71
121,71
122,71
123,71
124,71
125,71
126,71
127,71
128,71
129,71
130,71
131,71
132,71
133,71
134,71
135,71
136,71
137,71
138,71
139,71
240,71
241,71
242,71
243,71
244,71
245,71
246,71
247,71
248,71
249,71
250,71
251,71
252,71
253,71
254,71
255,71
256,71
257,71
258,71
259,71
80,72
81,72
82,72
83,72
84,72
85,72
86,72
87,72
88,72
89,72
90,72
91,72
92,72
93,72
94,72
95,72
96,72
97,72
98,72
99,72
100,72
101,72
102,72
103,72
104,72
105,72
106,72
107,72
108,72
109,72
110,72
111,72
112,72
113,72
114,72
115,72
116,72
117,72
118,72
119,72
120,72
121,72
122,72
123,72
124,72
125,72
126,72
127,72
128,72
129,72
130,72
131,72
132,72
133,72
134,72
135,72
136,72
137,72
138,72
139,72
240,72
241,72
242,72
243,72
244,72
245,72
246,72
247,72
248,72
249,72
250,72
251,72
252,72
253,72
254,72
255,72
256,72
257,72
258,72
259,72
80,73
81,73
82,73
83,73
84,73
85,73
86,73
87,73
88,73
89,73
90,73
91,73
92,73
93,73
94,73
95,73
96,73
97,73
98,73
99,73
100,73
101,73
102,73
103,73
104,73
105,73
106,73
107,73
108,73
109,73
110,73
111,73
112,73
113,73
114,73
115,73
116,73
117,73
118,73
119,73
120,73
121,73
122,73
123,73
124,73
125,73
126,73
127,73
128,73
129,73
130,73
131,73
132,73
133,73
134,73
135,73
136,73
137,73
138,73
139,73
240,73
241,73
242,73
243,73
244,73
245,73
246,73
247,73
248,73
249,73
250,73
251,73
252,73
253,73
254,73
255,73
256,73
257,73
258,73
259,73
80,74
81,74
82,74
83,74
84,74
85,74
86,74
87,74
88,74
89,74
90,74
91,74
92,74
93,74
94,74
95,74
96,74
97,74
98,74
99,74
100,74
101,74
102,74
103,74
104,74
105,74
106,74
107,74
108,74
109,74
110,74
111,74
112,74
113,74
114,74
115,74
116,74
117,74
118,74
119,74
120,74
121,74
122,74
123,74
124,74
125,74
126,74
127,74
128,74
129,74
130,74
131,74
132,74
133,74
134,74
135,74
136,74
137,74
138,74
139,74
240,74
241,74
242,74
243,74
244,74
245,74
246,74
247,74
248,74
249,74
250,74
251,74
252,74
253,74
254,74
255,74
256,74
257,74
258,74
259,74
80,75
81,75
82,75
83,75
84,75
85,75
86,75
87,75
88,75
89,75
90,75
91,75
92,75
93,75
94,75
95,75
96,75
97,75
98,75
99,75
100,75
101,75
102,75
103,75
104,75
105,75
106,75
107,75
108,75
109,75
110,75
111,75
112,75
113,75
114,75
115,75
116,75
117,75
118,75
119,75
120,75
121,75
122,75
123,75
124,75
125,75
126,75
127,75
128,75
129,75
130,75
131,75
132,75
133,75
134,75
135,75
136,75
137,75
138,75
139,75
240,75
241,75
242,75
243,75
244,75
245,75
246,75
247,75
248,75
249,75
250,75
251,75
252,75
253,75
254,75
255,75
256,75
257,75
258,75
259,75
80,76
81,76
82,76
83,76
84,76
85,76
86,76
87,76
88,76
89,76
90,76
91,76
92,76
93,76
94,76
95,76
96,76
97,76
98,76
99,76
100,76
101,76
102,76
103,76
104,76
105,76
106,76
107,76
108,76
109,76
110,76
111,76
112,76
113,76
114,76
115,76
116,76
117,76
118,76
119,76
120,76
121,76
122,76
123,76
124,76
125,76
126,76
127,76
128,76
129,76
130,76
131,76
132,76
133,76
134,76
135,76
136,76
137,76
138,76
139,76
240,76
241,76
242,76
243,76
244,76
245,76
246,76
247,76
248,76
249,76
250,76
251,76
252,76
253,76
254,76
255,76
256,76
257,76
258,76
259,76
80,77
81,77
82,77
83,77
84,77
85,77
86,77
87,77
88,77
89,77
90,77
91,77
92,77
93,77
94,77
95,77
96,77
97,77
98,77
99,77
100,77
101,77
102,77
103,77
104,77
105,77
106,77
107,77
108,77
109,77
110,77
111,77
112,77
113,77
114,77
115,77
116,77
117,77
118,77
119,77
120,77
121,77
122,77
123,77
124,77
125,77
126,77
127,77
128,77
129,77
130,77
131,77
132,77
133,77
134,77
135,77
136,77
137,77
138,77
139,77
240,77
241,77
242,77
243,77
244,77
245,77
246,77
247,77
248,77
249,77
250,77
251,77
252,77
253,77
254,77
255,77
256,77
257,77
258,77
259,77
80,78
81,78
82,78
83,78
84,78
85,78
86,78
87,78
88,78
89,78
90,78
91,78
92,78
93,78
94,78
95,78
96,78
97,78
98,78
99,78
100,78
101,78
102,78
103,78
104,78
105,78
106,78
107,78
108,78
109,78
110,78
111,78
112,78
113,78
114,78
115,78
116,78
117,78
118,78
119,78
120,78
121,78
122,78
123,78
124,78
125,78
126,78
127,78
128,78
129,78
130,78
131,78
132,78
133,78
134,78
135,78
136,78
137,78
138,78
139,78
240,78
241,78
242,78
243,78
244,78
245,78
246,78
247,78
248,78
249,78
250,78
251,78
252,78
253,78
254,78
255,78
256,78
257,78
258,78
259,78
80,79
81,79
82,79
83,79
84,79
85,79
86,79
87,79
88,79
89,79
90,79
91,79
92,79
93,79
94,79
95,79
96,79
97,79
98,79
99,79
100,79
101,79
102,79
103,79
104,79
105,79
106,79
107,79
108,79
109,79
110,79
111,79
112,79
113,79
114,79
115,79
116,79
117,79
118,79
119,79
120,79
121,79
122,79
123,79
124,79
125,79
126,79
127,79
128,79
129,79
130,79
131,79
132,79
133,79
134,79
135,79
136,79
137,79
138,79
139,79
240,79
241,79
242,79
243,79
244,79
245,79
246,79
247,79
248,79
249,79
250,79
251,79
252,79
253,79
254,79
255,79
256,79
257,79
258,79
259,79
80,80
81,80
82,80
83,80
84,80
85,80
86,80
87,80
88,80
89,80
90,80
91,80
92,80
93,80
94,80
95,80
96,80
97,80
98,80
99,80
240,80
241,80
242,80
243,80
244,80
245,80
246,80
247,80
248,80
249,80
250,80
251,80
252,80
253,80
254,80
255,80
256,80
257,80
258,80
259,80
80,81
81,81
82,81
83,81
84,81
85,81
86,81
87,81
88,81
89,81
90,81
91,81
92,81
93,81
94,81
95,81
96,81
97,81
98,81
99,81
240,81
241,81
242,81
243,81
244,81
245,81
246,81
247,81
248,81
249,81
250,81
251,81
252,81
253,81
254,81
255,81
256,81
257,81
258,81
259,81
80,82
81,82
82,82
83,82
84,82
85,82
86,82
87,82
88,82
89,82
90,82
91,82
92,82
93,82
94,82
95,82
96,82
97,82
98,82
99,82
240,82
241,82
242,82
243,82
244,82
245,82
246,82
247,82
248,82
249,82
250,82
251,82
252,82
253,82
254,82
255,82
256,82
257,82
258,82
259,82
80,83
81,83
82,83
83,83
84,83
85,83
86,83
87,83
88,83
89,83
90,83
91,83
92,83
93,83
94,83
95,83
96,83
97,83
98,83
99,83
240,83
241,83
242,83
243,83
244,83
245,83
246,83
247,83
248,83
249,83
250,83
251,83
252,83
253,83
254,83
255,83
256,83
257,83
258,83
259,83
80,84
81,84
82,84
83,84
84,84
85,84
86,84
87,84
88,84
89,84
90,84
91,84
92,84
93,84
94,84
95,84
96,84
97,84
98,84
99,84
240,84
241,84
242,84
243,84
244,84
245,84
246,84
247,84
248,84
249,84
250,84
251,84
252,84
253,84
254,84
255,84
256,84
257,84
258,84
259,84
80,85
81,85
82,85
83,85
84,85
85,85
86,85
87,85
88,85
89,85
90,85
91,85
92,85
93,85
94,85
95,85
96,85
97,85
98,85
99,85
240,85
241,85
242,85
243,85
244,85
245,85
246,85
247,85
248,85
249,85
250,85
251,85
252,85
253,85
254,85
255,85
256,85
257,85
258,85
259,85
80,86
81,86
82,86
83,86
84,86
85,86
86,86
87,86
88,86
89,86
90,86
91,86
92,86
93,86
94,86
95,86
96,86
97,86
98,86
99,86
240,86
241,86
242,86
243,86
244,86
245,86
246,86
247,86
248,86
249,86
250,86
251,86
252,86
253,86
254,86
255,86
256,86
257,86
258,86
259,86
80,87
81,87
82,87
83,87
84,87
85,87
86,87
87,87
88,87
89,87
90,87
91,87
92,87
93,87
94,87
95,87
96,87
97,87
98,87
99,87
240,87
241,87
242,87
243,87
244,87
245,87
246,87
247,87
248,87
249,87
250,87
251,87
252,87
253,87
254,87
255,87
256,87
257,87
258,87
259,87
80,88
81,88
82,88
83,88
84,88
85,88
86,88
87,88
88,88
89,88
90,88
91,88
92,88
93,88
94,88
95,88
96,88
97,88
98,88
99,88
240,88
241,88
242,88
243,88
244,88
245,88
246,88
247,88
248,88
249,88
250,88
251,88
252,88
253,88
254,88
255,88
256,88
257,88
258,88
259,88
80,89
81,89
82,89
83,89
84,89
85,89
86,89
87,89
88,89
89,89
90,89
91,89
92,89
93,89
94,89
95,89
96,89
97,89
98,89
99,89
240,89
241,89
242,89
243,89
244,89
245,89
246,89
247,89
248,89
249,89
250,89
251,89
252,89
253,89
254,89
255,89
256,89
257,89
258,89
259,89
80,90
81,90
82,90
83,90
84,90
85,90
86,90
87,90
88,90
89,90
90,90
91,90
92,90
93,90
94,90
95,90
96,90
97,90
98,90
99,90
240,90
241,90
242,90
243,90
244,90
245,90
246,90
247,90
248,90
249,90
250,90
251,90
252,90
253,90
254,90
255,90
256,90
257,90
258,90
259,90
80,91
81,91
82,91
83,91
84,91
85,91
86,91
87,91
88,91
89,91
90,91
91,91
92,91
93,91
94,91
95,91
96,91
97,91
98,91
99,91
240,91
241,91
242,91
243,91
244,91
245,91
246,91
247,91
248,91
249,91
250,91
251,91
252,91
253,91
254,91
255,91
256,91
257,91
258,91
259,91
80,92
81,92
82,92
83,92
84,92
85,92
86,92
87,92
88,92
89,92
90,92
91,92
92,92
93,92
94,92
95,92
96,92
97,92
98,92
99,92
240,92
241,92
242,92
243,92
244,92
245,92
246,92
247,92
248,92
249,92
250,92
251,92
252,92
253,92
254,92
255,92
256,92
257,92
258,92
259,92
80,93
81,93
82,93
83,93
84,93
85,93
86,93
87,93
88,93
89,93
90,93
91,93
92,93
93,93
94,93
95,93
96,93
97,93
98,93
99,93
240,93
241,93
242,93
243,93
244,93
245,93
246,93
247,93
248,93
249,93
250,93
251,93
252,93
253,93
254,93
255,93
256,93
257,93
258,93
259,93
80,94
81,94
82,94
83,94
84,94
85,94
86,94
87,94
88,94
89,94
90,94
91,94
92,94
93,94
94,94
95,94
96,94
97,94
98,94
99,94
240,94
241,94
242,94
243,94
244,94
245,94
246,94
247,94
248,94
249,94
250,94
251,94
252,94
253,94
254,94
255,94
256,94
257,94
258,94
259,94
80,95
81,95
82,95
83,95
84,95
85,95
86,95
87,95
88,95
89,95
90,95
91,95
92,95
93,95
94,95
95,95
96,95
97,95
98,95
99,95
240,95
241,95
242,95
243,95
244,95
245,95
246,95
247,95
248,95
249,95
250,95
251,95
252,95
253,95
254,95
255,95
256,95
257,95
258,95
259,95
80,96
81,96
82,96
83,96
84,96
85,96
86,96
87,96
88,96
89,96
90,96
91,96
92,96
93,96
94,96
95,96
96,96
97,96
98,96
99,96
240,96
241,96
242,96
243,96
244,96
245,96
246,96
247,96
248,96
249,96
250,96
251,96
252,96
253,96
254,96
255,96
256,96
257,96
258,96
259,96
80,97
81,97
82,97
83,97
84,97
85,97
86,97
87,97
88,97
89,97
90,97
91,97
92,97
93,97
94,97
95,97
96,97
97,97
98,97
99,97
240,97
241,97
242,97
243,97
244,97
245,97
246,97
247,97
248,97
249,97
250,97
251,97
252,97
253,97
254,97
255,97
256,97
257,97
258,97
259,97
80,98
81,98
82,98
83,98
84,98
85,98
86,98
87,98
88,98
89,98
90,98
91,98
92,98
93,98
94,98
95,98
96,98
97,98
98,98
99,98
240,98
241,98
242,98
243,98
244,98
245,98
246,98
247,98
248,98
249,98
250,98
251,98
252,98
253,98
254,98
255,98
256,98
257,98
258,98
259,98
80,99
81,99
82,99
83,99
84,99
85,99
86,99
87,99
88,99
89,99
90,99
91,99
92,99
93,99
94,99
95,99
96,99
97,99
98,99
99,99
240,99
241,99
242,99
243,99
244,99
245,99
246,99
247,99
248,99
249,99
250,99
251,99
252,99
253,99
254,99
255,99
256,99
257,99
258,99
259,99
80,100
81,100
82,100
83,100
84,100
85,100
86,100
87,100
88,100
89,100
90,100
91,100
92,100
93,100
94,100
95,100
96,100
97,100
98,100
99,100
240,100
241,100
242,100
243,100
244,100
245,100
246,100
247,100
248,100
249,100
250,100
251,100
252,100
253,100
254,100
255,100
256,100
257,100
258,100
259,100
80,101
81,101
82,101
83,101
84,101
85,101
86,101
87,101
88,101
89,101
90,101
91,101
92,101
93,101
94,101
95,101
96,101
97,101
98,101
99,101
240,101
241,101
242,101
243,101
244,101
245,101
246,101
247,101
248,101
249,101
250,101
251,101
252,101
253,101
254,101
255,101
256,101
257,101
258,101
259,101
80,102
81,102
82,102
83,102
84,102
85,102
86,102
87,102
88,102
89,102
90,102
91,102
92,102
93,102
94,102
95,102
96,102
97,102
98,102
99,102
240,102
241,102
242,102
243,102
244,102
245,102
246,102
247,102
248,102
249,102
250,102
251,102
252,102
253,102
254,102
255,102
256,102
257,102
258,102
259,102
80,103
81,103
82,103
83,103
84,103
85,103
86,103
87,103
88,103
89,103
90,103
91,103
92,103
93,103
94,103
95,103
96,103
97,103
98,103
99,103
240,103
241,103
242,103
243,103
244,103
245,103
246,103
247,103
248,103
249,103
250,103
251,103
252,103
253,103
254,103
255,103
256,103
257,103
258,103
259,103
80,104
81,104
82,104
83,104
84,104
85,104
86,104
87,104
88,104
89,104
90,104
91,104
92,104
93,104
94,104
95,104
96,104
97,104
98,104
99,104
240,104
241,104
242,104
243,104
244,104
245,104
246,104
247,104
248,104
249,104
250,104
251,104
252,104
253,104
254,104
255,104
256,104
257,104
258,104
259,104
80,105
81,105
82,105
83,105
84,105
85,105
86,105
87,105
88,105
89,105
90,105
91,105
92,105
93,105
94,105
95,105
96,105
97,105
98,105
99,105
240,105
241,105
242,105
243,105
244,105
245,105
246,105
247,105
248,105
249,105
250,105
251,105
252,105
253,105
254,105
255,105
256,105
257,105
258,105
259,105
80,106
81,106
82,106
83,106
84,106
85,106
86,106
87,106
88,106
89,106
90,106
91,106
92,106
93,106
94,106
95,106
96,106
97,106
98,106
99,106
240,106
241,106
242,106
243,106
244,106
245,106
246,106
247,106
248,106
249,106
250,106
251,106
252,106
253,106
254,106
255,106
256,106
257,106
258,106
259,106
80,107
81,107
82,107
83,107
84,107
85,107
86,107
87,107
88,107
89,107
90,107
91,107
92,107
93,107
94,107
95,107
96,107
97,107
98,107
99,107
240,107
241,107
242,107
243,107
244,107
245,107
246,107
247,107
248,107
249,107
250,107
251,107
252,107
253,107
254,107
255,107
256,107
257,107
258,107
259,107
80,108
81,108
82,108
83,108
84,108
85,108
86,108
87,108
88,108
89,108
90,108
91,108
92,108
93,108
94,108
95,108
96,108
97,108
98,108
99,108
240,108
241,108
242,108
243,108
244,108
245,108
246,108
247,108
248,108
249,108
250,108
251,108
252,108
253,108
254,108
255,108
256,108
257,108
258,108
259,108
80,109
81,109
82,109
83,109
84,109
85,109
86,109
87,109
88,109
89,109
90,109
91,109
92,109
93,109
94,109
95,109
96,109
97,109
98,109
99,109
240,109
241,109
242,109
243,109
244,109
245,109
246,109
247,109
248,109
249,109
250,109
251,109
252,109
253,109
254,109
255,109
256,109
257,109
258,109
259,109
80,110
81,110
82,110
83,110
84,110
85,110
86,110
87,110
88,110
89,110
90,110
91,110
92,110
93,110
94,110
95,110
96,110
97,110
98,110
99,110
240,110
241,110
242,110
243,110
244,110
245,110
246,110
247,110
248,110
249,110
250,110
251,110
252,110
253,110
254,110
255,110
256,110
257,110
258,110
259,110
80,111
81,111
82,111
83,111
84,111
85,111
86,111
87,111
88,111
89,111
90,111
91,111
92,111
93,111
94,111
95,111
96,111
97,111
98,111
99,111
240,111
241,111
242,111
243,111
244,111
245,111
246,111
247,111
248,111
249,111
250,111
251,111
252,111
253,111
254,111
255,111
256,111
257,111
258,111
259,111
80,112
81,112
82,112
83,112
84,112
85,112
86,112
87,112
88,112
89,112
90,112
91,112
92,112
93,112
94,112
95,112
96,112
97,112
98,112
99,112
240,112
241,112
242,112
243,112
244,112
245,112
246,112
247,112
248,112
249,112
250,112
251,112
252,112
253,112
254,112
255,112
256,112
257,112
258,112
259,112
80,113
81,113
82,113
83,113
84,113
85,113
86,113
87,113
88,113
89,113
90,113
91,113
92,113
93,113
94,113
95,113
96,113
97,113
98,113
99,113
240,113
241,113
242,113
243,113
244,113
245,113
246,113
247,113
248,113
249,113
250,113
251,113
252,113
253,113
254,113
255,113
256,113
257,113
258,113
259,113
80,114
81,114
82,114
83,114
84,114
85,114
86,114
87,114
88,114
89,114
90,114
91,114
92,114
93,114
94,114
95,114
96,114
97,114
98,114
99,114
240,114
241,114
242,114
243,114
244,114
245,114
246,114
247,114
248,114
249,114
250,114
251,114
252,114
253,114
254,114
255,114
256,114
257,114
258,114
259,114
80,115
81,115
82,115
83,115
84,115
85,115
86,115
87,115
88,115
89,115
90,115
91,115
92,115
93,115
94,115
95,115
96,115
97,115
98,115
99,115
240,115
241,115
242,115
243,115
244,115
245,115
246,115
247,115
248,115
249,115
250,115
251,115
252,115
253,115
254,115
255,115
256,115
257,115
258,115
259,115
80,116
81,116
82,116
83,116
84,116
85,116
86,116
87,116
88,116
89,116
90,116
91,116
92,116
93,116
94,116
95,116
96,116
97,116
98,116
99,116
240,116
241,116
242,116
243,116
244,116
245,116
246,116
247,116
248,116
249,116
250,116
251,116
252,116
253,116
254,116
255,116
256,116
257,116
258,116
259,116
80,117
81,117
82,117
83,117
84,117
85,117
86,117
87,117
88,117
89,117
90,117
91,117
92,117
93,117
94,117
95,117
96,117
97,117
98,117
99,117
240,117
241,117
242,117
243,117
244,117
245,117
246,117
247,117
248,117
249,117
250,117
251,117
252,117
253,117
254,117
255,117
256,117
257,117
258,117
259,117
80,118
81,118
82,118
83,118
84,118
85,118
86,118
87,118
88,118
89,118
90,118
91,118
92,118
93,118
94,118
95,118
96,118
97,118
98,118
99,118
240,118
241,118
242,118
243,118
244,118
245,118
246,118
247,118
248,118
249,118
250,118
251,118
252,118
253,118
254,118
255,118
256,118
257,118
258,118
259,118
80,119
81,119
82,119
83,119
84,119
85,119
86,119
87,119
88,119
89,119
90,119
91,119
92,119
93,119
94,119
95,119
96,119
97,119
98,119
99,119
240,119
241,119
242,119
243,119
244,119
245,119
246,119
247,119
248,119
249,119
250,119
251,119
252,119
253,119
254,119
255,119
256,119
257,119
258,119
259,119
80,120
81,120
82,120
83,120
84,120
85,120
86,120
87,120
88,120
89,120
90,120
91,120
92,120
93,120
94,120
95,120
96,120
97,120
98,120
99,120
240,120
241,120
242,120
243,120
244,120
245,120
246,120
247,120
248,120
249,120
250,120
251,120
252,120
253,120
254,120
255,120
256,120
257,120
258,120
259,120
80,121
81,121
82,121
83,121
84,121
85,121
86,121
87,121
88,121
89,121
90,121
91,121
92,121
93,121
94,121
95,121
96,121
97,121
98,121
99,121
240,121
241,121
242,121
243,121
244,121
245,121
246,121
247,121
248,121
249,121
250,121
251,121
252,121
253,121
254,121
255,121
256,121
257,121
258,121
259,121
80,122
81,122
82,122
83,122
84,122
85,122
86,122
87,122
88,122
89,122
90,122
91,122
92,122
93,122
94,122
95,122
96,122
97,122
98,122
99,122
240,122
241,122
242,122
243,122
244,122
245,122
246,122
247,122
248,122
249,122
250,122
251,122
252,122
253,122
254,122
255,122
256,122
257,122
258,122
259,122
80,123
81,123
82,123
83,123
84,123
85,123
86,123
87,123
88,123
89,123
90,123
91,123
92,123
93,123
94,123
95,123
96,123
97,123
98,123
99,123
240,123
241,123
242,123
243,123
244,123
245,123
246,123
247,123
248,123
249,123
250,123
251,123
252,123
253,123
254,123
255,123
256,123
257,123
258,123
259,123
80,124
81,124
82,124
83,124
84,124
85,124
86,124
87,124
88,124
89,124
90,124
91,124
92,124
93,124
94,124
95,124
96,124
97,124
98,124
99,124
240,124
241,124
242,124
243,124
244,124
245,124
246,124
247,124
248,124
249,124
250,124
251,124
252,124
253,124
254,124
255,124
256,124
257,124
258,124
259,124
80,125
81,125
82,125
83,125
84,125
85,125
86,125
87,125
88,125
89,125
90,125
91,125
92,125
93,125
94,125
95,125
96,125
97,125
98,125
99,125
240,125
241,125
242,125
243,125
244,125
245,125
246,125
247,125
248,125
249,125
250,125
251,125
252,125
253,125
254,125
255,125
256,125
257,125
258,125
259,125
80,126
81,126
82,126
83,126
84,126
85,126
86,126
87,126
88,126
89,126
90,126
91,126
92,126
93,126
94,126
95,126
96,126
97,126
98,126
99,126
240,126
241,126
242,126
243,126
244,126
245,126
246,126
247,126
248,126
249,126
250,126
251,126
252,126
253,126
254,126
255,126
256,126
257,126
258,126
259,126
80,127
81,127
82,127
83,127
84,127
85,127
86,127
87,127
88,127
89,127
90,127
91,127
92,127
93,127
94,127
95,127
96,127
97,127
98,127
99,127
240,127
241,127
242,127
243,127
244,127
245,127
246,127
247,127
248,127
249,127
250,127
251,127
252,127
253,127
254,127
255,127
256,127
257,127
258,127
259,127
80,128
81,128
82,128
83,128
84,128
85,128
86,128
87,128
88,128
89,128
90,128
91,128
92,128
93,128
94,128
95,128
96,128
97,128
98,128
99,128
240,128
241,128
242,128
243,128
244,128
245,128
246,128
247,128
248,128
249,128
250,128
251,128
252,128
253,128
254,128
255,128
256,128
257,128
258,128
259,128
80,129
81,129
82,129
83,129
84,129
85,129
86,129
87,129
88,129
89,129
90,129
91,129
92,129
93,129
94,129
95,129
96,129
97,129
98,129
99,129
240,129
241,129
242,129
243,129
244,129
245,129
246,129
247,129
248,129
249,129
250,129
251,129
252,129
253,129
254,129
255,129
256,129
257,129
258,129
259,129
80,130
81,130
82,130
83,130
84,130
85,130
86,130
87,130
88,130
89,130
90,130
91,130
92,130
93,130
94,130
95,130
96,130
97,130
98,130
99,130
240,130
241,130
242,130
243,130
244,130
245,130
246,130
247,130
248,130
249,130
250,130
251,130
252,130
253,130
254,130
255,130
256,130
257,130
258,130
259,130
80,131
81,131
82,131
83,131
84,131
85,131
86,131
87,131
88,131
89,131
90,131
91,131
92,131
93,131
94,131
95,131
96,131
97,131
98,131
99,131
240,131
241,131
242,131
243,131
244,131
245,131
246,131
247,131
248,131
249,131
250,131
251,131
252,131
253,131
254,131
255,131
256,131
257,131
258,131
259,131
80,132
81,132
82,132
83,132
84,132
85,132
86,132
87,132
88,132
89,132
90,132
91,132
92,132
93,132
94,132
95,132
96,132
97,132
98,132
99,132
240,132
241,132
242,132
243,132
244,132
245,132
246,132
247,132
248,132
249,132
250,132
251,132
252,132
253,132
254,132
255,132
256,132
257,132
258,132
259,132
80,133
81,133
82,133
83,133
84,133
85,133
86,133
87,133
88,133
89,133
90,133
91,133
92,133
93,133
94,133
95,133
96,133
97,133
98,133
99,133
240,133
241,133
242,133
243,133
244,133
245,133
246,133
247,133
248,133
249,133
250,133
251,133
252,133
253,133
254,133
255,133
256,133
257,133
258,133
259,133
80,134
81,134
82,134
83,134
84,134
85,134
86,134
87,134
88,134
89,134
90,134
91,134
92,134
93,134
94,134
95,134
96,134
97,134
98,134
99,134
240,134
241,134
242,134
243,134
244,134
245,134
246,134
247,134
248,134
249,134
250,134
251,134
252,134
253,134
254,134
255,134
256,134
257,134
258,134
259,134
80,135
81,135
82,135
83,135
84,135
85,135
86,135
87,135
88,135
89,135
90,135
91,135
92,135
93,135
94,135
95,135
96,135
97,135
98,135
99,135
240,135
241,135
242,135
243,135
244,135
245,135
246,135
247,135
248,135
249,135
250,135
251,135
252,135
253,135
254,135
255,135
256,135
257,135
258,135
259,135
80,136
81,136
82,136
83,136
84,136
85,136
86,136
87,136
88,136
89,136
90,136
91,136
92,136
93,136
94,136
95,136
96,136
97,136
98,136
99,136
240,136
241,136
242,136
243,136
244,136
245,136
246,136
247,136
248,136
249,136
250,136
251,136
252,136
253,136
254,136
255,136
256,136
257,136
258,136
259,136
80,137
81,137
82,137
83,137
84,137
85,137
86,137
87,137
88,137
89,137
90,137
91,137
92,137
93,137
94,137
95,137
96,137
97,137
98,137
99,137
240,137
241,137
242,137
243,137
244,137
245,137
246,137
247,137
248,137
249,137
250,137
251,137
252,137
253,137
254,137
255,137
256,137
257,137
258,137
259,137
80,138
81,138
82,138
83,138
84,138
85,138
86,138
87,138
88,138
89,138
90,138
91,138
92,138
93,138
94,138
95,138
96,138
97,138
98,138
99,138
240,138
241,138
242,138
243,138
244,138
245,138
246,138
247,138
248,138
249,138
250,138
251,138
252,138
253,138
254,138
255,138
256,138
257,138
258,138
259,138
80,139
81,139
82,139
83,139
84,139
85,139
86,139
87,139
88,139
89,139
90,139
91,139
92,139
93,139
94,139
95,139
96,139
97,139
98,139
99,139
240,139
241,139
242,139
243,139
244,139
245,139
246,139
247,139
248,139
249,139
250,139
251,139
252,139
253,139
254,139
255,139
256,139
257,139
258,139
259,139
80,140
81,140
82,140
83,140
84,140
85,140
86,140
87,140
88,140
89,140
90,140
91,140
92,140
93,140
94,140
95,140
96,140
97,140
98,140
99,140
240,140
241,140
242,140
243,140
244,140
245,140
246,140
247,140
248,140
249,140
250,140
251,140
252,140
253,140
254,140
255,140
256,140
257,140
258,140
259,140
80,141
81,141
82,141
83,141
84,141
85,141
86,141
87,141
88,141
89,141
90,141
91,141
92,141
93,141
94,141
95,141
96,141
97,141
98,141
99,141
240,141
241,141
242,141
243,141
244,141
245,141
246,141
247,141
248,141
249,141
250,141
251,141
252,141
253,141
254,141
255,141
256,141
257,141
258,141
259,141
80,142
81,142
82,142
83,142
84,142
85,142
86,142
87,142
88,142
89,142
90,142
91,142
92,142
93,142
94,142
95,142
96,142
97,142
98,142
99,142
240,142
241,142
242,142
243,142
244,142
245,142
246,142
247,142
248,142
249,142
250,142
251,142
252,142
253,142
254,142
255,142
256,142
257,142
258,142
259,142
80,143
81,143
82,143
83,143
84,143
85,143
86,143
87,143
88,143
89,143
90,143
91,143
92,143
93,143
94,143
95,143
96,143
97,143
98,143
99,143
240,143
241,143
242,143
243,143
244,143
245,143
246,143
247,143
248,143
249,143
250,143
251,143
252,143
253,143
254,143
255,143
256,143
257,143
258,143
259,143
80,144
81,144
82,144
83,144
84,144
85,144
86,144
87,144
88,144
89,144
90,144
91,144
92,144
93,144
94,144
95,144
96,144
97,144
98,144
99,144
240,144
241,144
242,144
243,144
244,144
245,144
246,144
247,144
248,144
249,144
250,144
251,144
252,144
253,144
254,144
255,144
256,144
257,144
258,144
259,144
80,145
81,145
82,145
83,145
84,145
85,145
86,145
87,145
88,145
89,145
90,145
91,145
92,145
93,145
94,145
95,145
96,145
97,145
98,145
99,145
240,145
241,145
242,145
243,145
244,145
245,145
246,145
247,145
248,145
249,145
250,145
251,145
252,145
253,145
254,145
255,145
256,145
257,145
258,145
259,145
80,146
81,146
82,146
83,146
84,146
85,146
86,146
87,146
88,146
89,146
90,146
91,146
92,146
93,146
94,146
95,146
96,146
97,146
98,146
99,146
240,146
241,146
242,146
243,146
244,146
245,146
246,146
247,146
248,146
249,146
250,146
251,146
252,146
253,146
254,146
255,146
256,146
257,146
258,146
259,146
80,147
81,147
82,147
83,147
84,147
85,147
86,147
87,147
88,147
89,147
90,147
91,147
92,147
93,147
94,147
95,147
96,147
97,147
98,147
99,147
240,147
241,147
242,147
243,147
244,147
245,147
246,147
247,147
248,147
249,147
250,147
251,147
252,147
253,147
254,147
255,147
256,147
257,147
258,147
259,147
80,148
81,148
82,148
83,148
84,148
85,148
86,148
87,148
88,148
89,148
90,148
91,148
92,148
93,148
94,148
95,148
96,148
97,148
98,148
99,148
240,148
241,148
242,148
243,148
244,148
245,148
246,148
247,148
248,148
249,148
250,148
251,148
252,148
253,148
254,148
255,148
256,148
257,148
258,148
259,148
80,149
81,149
82,149
83,149
84,149
85,149
86,149
87,149
88,149
89,149
90,149
91,149
92,149
93,149
94,149
95,149
96,149
97,149
98,149
99,149
240,149
241,149
242,149
243,149
244,149
245,149
246,149
247,149
248,149
249,149
250,149
251,149
252,149
253,149
254,149
255,149
256,149
257,149
258,149
259,149
80,150
81,150
82,150
83,150
84,150
85,150
86,150
87,150
88,150
89,150
90,150
91,150
92,150
93,150
94,150
95,150
96,150
97,150
98,150
99,150
240,150
241,150
242,150
243,150
244,150
245,150
246,150
247,150
248,150
249,150
250,150
251,150
252,150
253,150
254,150
255,150
256,150
257,150
258,150
259,150
80,151
81,151
82,151
83,151
84,151
85,151
86,151
87,151
88,151
89,151
90,151
91,151
92,151
93,151
94,151
95,151
96,151
97,151
98,151
99,151
240,151
241,151
242,151
243,151
244,151
245,151
246,151
247,151
248,151
249,151
250,151
251,151
252,151
253,151
254,151
255,151
256,151
257,151
258,151
259,151
80,152
81,152
82,152
83,152
84,152
85,152
86,152
87,152
88,152
89,152
90,152
91,152
92,152
93,152
94,152
95,152
96,152
97,152
98,152
99,152
240,152
241,152
242,152
243,152
244,152
245,152
246,152
247,152
248,152
249,152
250,152
251,152
252,152
253,152
254,152
255,152
256,152
257,152
258,152
259,152
80,153
81,153
82,153
83,153
84,153
85,153
86,153
87,153
88,153
89,153
90,153
91,153
92,153
93,153
94,153
95,153
96,153
97,153
98,153
99,153
240,153
241,153
242,153
243,153
244,153
245,153
246,153
247,153
248,153
249,153
250,153
251,153
252,153
253,153
254,153
255,153
256,153
257,153
258,153
259,153
80,154
81,154
82,154
83,154
84,154
85,154
86,154
87,154
88,154
89,154
90,154
91,154
92,154
93,154
94,154
95,154
96,154
97,154
98,154
99,154
240,154
241,154
242,154
243,154
244,154
245,154
246,154
247,154
248,154
249,154
250,154
251,154
252,154
253,154
254,154
255,154
256,154
257,154
258,154
259,154
80,155
81,155
82,155
83,155
84,155
85,155
86,155
87,155
88,155
89,155
90,155
91,155
92,155
93,155
94,155
95,155
96,155
97,155
98,155
99,155
240,155
241,155
242,155
243,155
244,155
245,155
246,155
247,155
248,155
249,155
250,155
251,155
252,155
253,155
254,155
255,155
256,155
257,155
258,155
259,155
80,156
81,156
82,156
83,156
84,156
85,156
86,156
87,156
88,156
89,156
90,156
91,156
92,156
93,156
94,156
95,156
96,156
97,156
98,156
99,156
240,156
241,156
242,156
243,156
244,156
245,156
246,156
247,156
248,156
249,156
250,156
251,156
252,156
253,156
254,156
255,156
256,156
257,156
258,156
259,156
80,157
81,157
82,157
83,157
84,157
85,157
86,157
87,157
88,157
89,157
90,157
91,157
92,157
93,157
94,157
95,157
96,157
97,157
98,157
99,157
240,157
241,157
242,157
243,157
244,157
245,157
246,157
247,157
248,157
249,157
250,157
251,157
252,157
253,157
254,157
255,157
256,157
257,157
258,157
259,157
80,158
81,158
82,158
83,158
84,158
85,158
86,158
87,158
88,158
89,158
90,158
91,158
92,158
93,158
94,158
95,158
96,158
97,158
98,158
99,158
240,158
241,158
242,158
243,158
244,158
245,158
246,158
247,158
248,158
249,158
250,158
251,158
252,158
253,158
254,158
255,158
256,158
257,158
258,158
259,158
80,159
81,159
82,159
83,159
84,159
85,159
86,159
87,159
88,159
89,159
90,159
91,159
92,159
93,159
94,159
95,159
96,159
97,159
98,159
99,159
240,159
241,159
242,159
243,159
244,159
245,159
246,159
247,159
248,159
249,159
250,159
251,159
252,159
253,159
254,159
255,159
256,159
257,159
258,159
259,159
80,160
81,160
82,160
83,160
84,160
85,160
86,160
87,160
88,160
89,160
90,160
91,160
92,160
93,160
94,160
95,160
96,160
97,160
98,160
99,160
240,160
241,160
242,160
243,160
244,160
245,160
246,160
247,160
248,160
249,160
250,160
251,160
252,160
253,160
254,160
255,160
256,160
257,160
258,160
259,160
80,161
81,161
82,161
83,161
84,161
85,161
86,161
87,161
88,161
89,161
90,161
91,161
92,161
93,161
94,161
95,161
96,161
97,161
98,161
99,161
240,161
241,161
242,161
243,161
244,161
245,161
246,161
247,161
248,161
249,161
250,161
251,161
252,161
253,161
254,161
255,161
256,161
257,161
258,161
259,161
80,162
81,162
82,162
83,162
84,162
85,162
86,162
87,162
88,162
89,162
90,162
91,162
92,162
93,162
94,162
95,162
96,162
97,162
98,162
99,162
240,162
241,162
242,162
243,162
244,162
245,162
246,162
247,162
248,162
249,162
250,162
251,162
252,162
253,162
254,162
255,162
256,162
257,162
258,162
259,162
80,163
81,163
82,163
83,163
84,163
85,163
86,163
87,163
88,163
89,163
90,163
91,163
92,163
93,163
94,163
95,163
96,163
97,163
98,163
99,163
240,163
241,163
242,163
243,163
244,163
245,163
246,163
247,163
248,163
249,163
250,163
251,163
252,163
253,163
254,163
255,163
256,163
257,163
258,163
259,163
80,164
81,164
82,164
83,164
84,164
85,164
86,164
87,164
88,164
89,164
90,164
91,164
92,164
93,164
94,164
95,164
96,164
97,164
98,164
99,164
240,164
241,164
242,164
243,164
244,164
245,164
246,164
247,164
248,164
249,164
250,164
251,164
252,164
253,164
254,164
255,164
256,164
257,164
258,164
259,164
80,165
81,165
82,165
83,165
84,165
85,165
86,165
87,165
88,165
89,165
90,165
91,165
92,165
93,165
94,165
95,165
96,165
97,165
98,165
99,165
240,165
241,165
242,165
243,165
244,165
245,165
246,165
247,165
248,165
249,165
250,165
251,165
252,165
253,165
254,165
255,165
256,165
257,165
258,165
259,165
80,166
81,166
82,166
83,166
84,166
85,166
86,166
87,166
88,166
89,166
90,166
91,166
92,166
93,166
94,166
95,166
96,166
97,166
98,166
99,166
240,166
241,166
242,166
243,166
244,166
245,166
246,166
247,166
248,166
249,166
250,166
251,166
252,166
253,166
254,166
255,166
256,166
257,166
258,166
259,166
80,167
81,167
82,167
83,167
84,167
85,167
86,167
87,167
88,167
89,167
90,167
91,167
92,167
93,167
94,167
95,167
96,167
97,167
98,167
99,167
240,167
241,167
242,167
243,167
244,167
245,167
246,167
247,167
248,167
249,167
250,167
251,167
252,167
253,167
254,167
255,167
256,167
257,167
258,167
259,167
80,168
81,168
82,168
83,168
84,168
85,168
86,168
87,168
88,168
89,168
90,168
91,168
92,168
93,168
94,168
95,168
96,168
97,168
98,168
99,168
240,168
241,168
242,168
243,168
244,168
245,168
246,168
247,168
248,168
249,168
250,168
251,168
252,168
253,168
254,168
255,168
256,168
257,168
258,168
259,168
80,169
81,169
82,169
83,169
84,169
85,169
86,169
87,169
88,169
89,169
90,169
91,169
92,169
93,169
94,169
95,169
96,169
97,169
98,169
99,169
240,169
241,169
242,169
243,169
244,169
245,169
246,169
247,169
248,169
249,169
250,169
251,169
252,169
253,169
254,169
255,169
256,169
257,169
258,169
259,169
80,170
81,170
82,170
83,170
84,170
85,170
86,170
87,170
88,170
89,170
90,170
91,170
92,170
93,170
94,170
95,170
96,170
97,170
98,170
99,170
240,170
241,170
242,170
243,170
244,170
245,170
246,170
247,170
248,170
249,170
250,170
251,170
252,170
253,170
254,170
255,170
256,170
257,170
258,170
259,170
80,171
81,171
82,171
83,171
84,171
85,171
86,171
87,171
88,171
89,171
90,171
91,171
92,171
93,171
94,171
95,171
96,171
97,171
98,171
99,171
240,171
241,171
242,171
243,171
244,171
245,171
246,171
247,171
248,171
249,171
250,171
251,171
252,171
253,171
254,171
255,171
256,171
257,171
258,171
259,171
80,172
81,172
82,172
83,172
84,172
85,172
86,172
87,172
88,172
89,172
90,172
91,172
92,172
93,172
94,172
95,172
96,172
97,172
98,172
99,172
240,172
241,172
242,172
243,172
244,172
245,172
246,172
247,172
248,172
249,172
250,172
251,172
252,172
253,172
254,172
255,172
256,172
257,172
258,172
259,172
80,173
81,173
82,173
83,173
84,173
85,173
86,173
87,173
88,173
89,173
90,173
91,173
92,173
93,173
94,173
95,173
96,173
97,173
98,173
99,173
240,173
241,173
242,173
243,173
244,173
245,173
246,173
247,173
248,173
249,173
250,173
251,173
252,173
253,173
254,173
255,173
256,173
257,173
258,173
259,173
80,174
81,174
82,174
83,174
84,174
85,174
86,174
87,174
88,174
89,174
90,174
91,174
92,174
93,174
94,174
95,174
96,174
97,174
98,174
99,174
240,174
241,174
242,174
243,174
244,174
245,174
246,174
247,174
248,174
249,174
250,174
251,174
252,174
253,174
254,174
255,174
256,174
257,174
258,174
259,174
80,175
81,175
82,175
83,175
84,175
85,175
86,175
87,175
88,175
89,175
90,175
91,175
92,175
93,175
94,175
95,175
96,175
97,175
98,175
99,175
240,175
241,175
242,175
243,175
244,175
245,175
246,175
247,175
248,175
249,175
250,175
251,175
252,175
253,175
254,175
255,175
256,175
257,175
258,175
259,175
80,176
81,176
82,176
83,176
84,176
85,176
86,176
87,176
88,176
89,176
90,176
91,176
92,176
93,176
94,176
95,176
96,176
97,176
98,176
99,176
240,176
241,176
242,176
243,176
244,176
245,176
246,176
247,176
248,176
249,176
250,176
251,176
252,176
253,176
254,176
255,176
256,176
257,176
258,176
259,176
80,177
81,177
82,177
83,177
84,177
85,177
86,177
87,177
88,177
89,177
90,177
91,177
92,177
93,177
94,177
95,177
96,177
97,177
98,177
99,177
240,177
241,177
242,177
243,177
244,177
245,177
246,177
247,177
248,177
249,177
250,177
251,177
252,177
253,177
254,177
255,177
256,177
257,177
258,177
259,177
80,178
81,178
82,178
83,178
84,178
85,178
86,178
87,178
88,178
89,178
90,178
91,178
92,178
93,178
94,178
95,178
96,178
97,178
98,178
99,178
240,178
241,178
242,178
243,178
244,178
245,178
246,178
247,178
248,178
249,178
250,178
251,178
252,178
253,178
254,178
255,178
256,178
257,178
258,178
259,178
80,179
81,179
82,179
83,179
84,179
85,179
86,179
87,179
88,179
89,179
90,179
91,179
92,179
93,179
94,179
95,179
96,179
97,179
98,179
99,179
240,179
241,179
242,179
243,179
244,179
245,179
246,179
247,179
248,179
249,179
250,179
251,179
252,179
253,179
254,179
255,179
256,179
257,179
258,179
259,179
80,180
81,180
82,180
83,180
84,180
85,180
86,180
87,180
88,180
89,180
90,180
91,180
92,180
93,180
94,180
95,180
96,180
97,180
98,180
99,180
200,180
201,180
202,180
203,180
204,180
205,180
206,180
207,180
208,180
209,180
210,180
211,180
212,180
213,180
214,180
215,180
216,180
217,180
218,180
219,180
220,180
221,180
222,180
223,180
224,180
225,180
226,180
227,180
228,180
229,180
230,180
231,180
232,180
233,180
234,180
235,180
236,180
237,180
238,180
239,180
240,180
241,180
242,180
243,180
244,180
245,180
246,180
247,180
248,180
249,180
250,180
251,180
252,180
253,180
254,180
255,180
256,180
257,180
258,180
259,180
80,181
81,181
82,181
83,181
84,181
85,181
86,181
87,181
88,181
89,181
90,181
91,181
92,181
93,181
94,181
95,181
96,181
97,181
98,181
99,181
200,181
201,181
202,181
203,181
204,181
205,181
206,181
207,181
208,181
209,181
210,181
211,181
212,181
213,181
214,181
215,181
216,181
217,181
218,181
219,181
220,181
221,181
222,181
223,181
224,181
225,181
226,181
227,181
228,181
229,181
230,181
231,181
232,181
233,181
234,181
235,181
236,181
237,181
238,181
239,181
240,181
241,181
242,181
243,181
244,181
245,181
246,181
247,181
248,181
249,181
250,181
251,181
252,181
253,181
254,181
255,181
256,181
257,181
258,181
259,181
80,182
81,182
82,182
83,182
84,182
85,182
86,182
87,182
88,182
89,182
90,182
91,182
92,182
93,182
94,182
95,182
96,182
97,182
98,182
99,182
200,182
201,182
202,182
203,182
204,182
205,182
206,182
207,182
208,182
209,182
210,182
211,182
212,182
213,182
214,182
215,182
216,182
217,182
218,182
219,182
220,182
221,182
222,182
223,182
224,182
225,182
226,182
227,182
228,182
229,182
230,182
231,182
232,182
233,182
234,182
235,182
236,182
237,182
238,182
239,182
240,182
241,182
242,182
243,182
244,182
245,182
246,182
247,182
248,182
249,182
250,182
251,182
252,182
253,182
254,182
255,182
256,182
257,182
258,182
259,182
80,183
81,183
82,183
83,183
84,183
85,183
86,183
87,183
88,183
89,183
90,183
91,183
92,183
93,183
94,183
95,183
96,183
97,183
98,183
99,183
200,183
201,183
202,183
203,183
204,183
205,183
206,183
207,183
208,183
209,183
210,183
211,183
212,183
213,183
214,183
215,183
216,183
217,183
218,183
219,183
220,183
221,183
222,183
223,183
224,183
225,183
226,183
227,183
228,183
229,183
230,183
231,183
232,183
233,183
234,183
235,183
236,183
237,183
238,183
239,183
240,183
241,183
242,183
243,183
244,183
245,183
246,183
247,183
248,183
249,183
250,183
251,183
252,183
253,183
254,183
255,183
256,183
257,183
258,183
259,183
80,184
81,184
82,184
83,184
84,184
85,184
86,184
87,184
88,184
89,184
90,184
91,184
92,184
93,184
94,184
95,184
96,184
97,184
98,184
99,184
200,184
201,184
202,184
203,184
204,184
205,184
206,184
207,184
208,184
209,184
210,184
211,184
212,184
213,184
214,184
215,184
216,184
217,184
218,184
219,184
220,184
221,184
222,184
223,184
224,184
225,184
226,184
227,184
228,184
229,184
230,184
231,184
232,184
233,184
234,184
235,184
236,184
237,184
238,184
239,184
240,184
241,184
242,184
243,184
244,184
245,184
246,184
247,184
248,184
249,184
250,184
251,184
252,184
253,184
254,184
255,184
256,184
257,184
258,184
259,184
80,185
81,185
82,185
83,185
84,185
85,185
86,185
87,185
88,185
89,185
90,185
91,185
92,185
93,185
94,185
95,185
96,185
97,185
98,185
99,185
200,185
201,185
202,185
203,185
204,185
205,185
206,185
207,185
208,185
209,185
210,185
211,185
212,185
213,185
214,185
215,185
216,185
217,185
218,185
219,185
220,185
221,185
222,185
223,185
224,185
225,185
226,185
227,185
228,185
229,185
230,185
231,185
232,185
233,185
234,185
235,185
236,185
237,185
238,185
239,185
240,185
241,185
242,185
243,185
244,185
245,185
246,185
247,185
248,185
249,185
250,185
251,185
252,185
253,185
254,185
255,185
256,185
257,185
258,185
259,185
80,186
81,186
82,186
83,186
84,186
85,186
86,186
87,186
88,186
89,186
90,186
91,186
92,186
93,186
94,186
95,186
96,186
97,186
98,186
99,186
200,186
201,186
202,186
203,186
204,186
205,186
206,186
207,186
208,186
209,186
210,186
211,186
212,186
213,186
214,186
215,186
216,186
217,186
218,186
219,186
220,186
221,186
222,186
223,186
224,186
225,186
226,186
227,186
228,186
229,186
230,186
231,186
232,186
233,186
234,186
235,186
236,186
237,186
238,186
239,186
240,186
241,186
242,186
243,186
244,186
245,186
246,186
247,186
248,186
249,186
250,186
251,186
252,186
253,186
254,186
255,186
256,186
257,186
258,186
259,186
80,187
81,187
82,187
83,187
84,187
85,187
86,187
87,187
88,187
89,187
90,187
91,187
92,187
93,187
94,187
95,187
96,187
97,187
98,187
99,187
200,187
201,187
202,187
203,187
204,187
205,187
206,187
207,187
208,187
209,187
210,187
211,187
212,187
213,187
214,187
215,187
216,187
217,187
218,187
219,187
220,187
221,187
222,187
223,187
224,187
225,187
226,187
227,187
228,187
229,187
230,187
231,187
232,187
233,187
234,187
235,187
236,187
237,187
238,187
239,187
240,187
241,187
242,187
243,187
244,187
245,187
246,187
247,187
248,187
249,187
250,187
251,187
252,187
253,187
254,187
255,187
256,187
257,187
258,187
259,187
80,188
81,188
82,188
83,188
84,188
85,188
86,188
87,188
88,188
89,188
90,188
91,188
92,188
93,188
94,188
95,188
96,188
97,188
98,188
99,188
200,188
201,188
202,188
203,188
204,188
205,188
206,188
207,188
208,188
209,188
210,188
211,188
212,188
213,188
214,188
215,188
216,188
217,188
218,188
219,188
220,188
221,188
222,188
223,188
224,188
225,188
226,188
227,188
228,188
229,188
230,188
231,188
232,188
233,188
234,188
235,188
236,188
237,188
238,188
239,188
240,188
241,188
242,188
243,188
244,188
245,188
246,188
247,188
248,188
249,188
250,188
251,188
252,188
253,188
254,188
255,188
256,188
257,188
258,188
259,188
80,189
81,189
82,189
83,189
84,189
85,189
86,189
87,189
88,189
89,189
90,189
91,189
92,189
93,189
94,189
95,189
96,189
97,189
98,189
99,189
200,189
201,189
202,189
203,189
204,189
205,189
206,189
207,189
208,189
209,189
210,189
211,189
212,189
213,189
214,189
215,189
216,189
217,189
218,189
219,189
220,189
221,189
222,189
223,189
224,189
225,189
226,189
227,189
228,189
229,189
230,189
231,189
232,189
233,189
234,189
235,189
236,189
237,189
238,189
239,189
240,189
241,189
242,189
243,189
244,189
245,189
246,189
247,189
248,189
249,189
250,189
251,189
252,189
253,189
254,189
255,189
256,189
257,189
258,189
259,189
80,190
81,190
82,190
83,190
84,190
85,190
86,190
87,190
88,190
89,190
90,190
91,190
92,190
93,190
94,190
95,190
96,190
97,190
98,190
99,190
200,190
201,190
202,190
203,190
204,190
205,190
206,190
207,190
208,190
209,190
210,190
211,190
212,190
213,190
214,190
215,190
216,190
217,190
218,190
219,190
220,190
221,190
222,190
223,190
224,190
225,190
226,190
227,190
228,190
229,190
230,190
231,190
232,190
233,190
234,190
235,190
236,190
237,190
238,190
239,190
240,190
241,190
242,190
243,190
244,190
245,190
246,190
247,190
248,190
249,190
250,190
251,190
252,190
253,190
254,190
255,190
256,190
257,190
258,190
259,190
80,191
81,191
82,191
83,191
84,191
85,191
86,191
87,191
88,191
89,191
90,191
91,191
92,191
93,191
94,191
95,191
96,191
97,191
98,191
99,191
200,191
201,191
202,191
203,191
204,191
205,191
206,191
207,191
208,191
209,191
210,191
211,191
212,191
213,191
214,191
215,191
216,191
217,191
218,191
219,191
220,191
221,191
222,191
223,191
224,191
225,191
226,191
227,191
228,191
229,191
230,191
231,191
232,191
233,191
234,191
235,191
236,191
237,191
238,191
239,191
240,191
241,191
242,191
243,191
244,191
245,191
246,191
247,191
248,191
249,191
250,191
251,191
252,191
253,191
254,191
255,191
256,191
257,191
258,191
259,191
80,192
81,192
82,192
83,192
84,192
85,192
86,192
87,192
88,192
89,192
90,192
91,192
92,192
93,192
94,192
95,192
96,192
97,192
98,192
99,192
200,192
201,192
202,192
203,192
204,192
205,192
206,192
207,192
208,192
209,192
210,192
211,192
212,192
213,192
214,192
215,192
216,192
217,192
218,192
219,192
220,192
221,192
222,192
223,192
224,192
225,192
226,192
227,192
228,192
229,192
230,192
231,192
232,192
233,192
234,192
235,192
236,192
237,192
238,192
239,192
240,192
241,192
242,192
243,192
244,192
245,192
246,192
247,192
248,192
249,192
250,192
251,192
252,192
253,192
254,192
255,192
256,192
257,192
258,192
259,192
80,193
81,193
82,193
83,193
84,193
85,193
86,193
87,193
88,193
89,193
90,193
91,193
92,193
93,193
94,193
95,193
96,193
97,193
98,193
99,193
200,193
201,193
202,193
203,193
204,193
205,193
206,193
207,193
208,193
209,193
210,193
211,193
212,193
213,193
214,193
215,193
216,193
217,193
218,193
219,193
220,193
221,193
222,193
223,193
224,193
225,193
226,193
227,193
228,193
229,193
230,193
231,193
232,193
233,193
234,193
235,193
236,193
237,193
238,193
239,193
240,193
241,193
242,193
243,193
244,193
245,193
246,193
247,193
248,193
249,193
250,193
251,193
252,193
253,193
254,193
255,193
256,193
257,193
258,193
259,193
80,194
81,194
82,194
83,194
84,194
85,194
86,194
87,194
88,194
89,194
90,194
91,194
92,194
93,194
94,194
95,194
96,194
97,194
98,194
99,194
200,194
201,194
202,194
203,194
204,194
205,194
206,194
207,194
208,194
209,194
210,194
211,194
212,194
213,194
214,194
215,194
216,194
217,194
218,194
219,194
220,194
221,194
222,194
223,194
224,194
225,194
226,194
227,194
228,194
229,194
230,194
231,194
232,194
233,194
234,194
235,194
236,194
237,194
238,194
239,194
240,194
241,194
242,194
243,194
244,194
245,194
246,194
247,194
248,194
249,194
250,194
251,194
252,194
253,194
254,194
255,194
256,194
257,194
258,194
259,194
80,195
81,195
82,195
83,195
84,195
85,195
86,195
87,195
88,195
89,195
90,195
91,195
92,195
93,195
94,195
95,195
96,195
97,195
98,195
99,195
200,195
201,195
202,195
203,195
204,195
205,195
206,195
207,195
208,195
209,195
210,195
211,195
212,195
213,195
214,195
215,195
216,195
217,195
218,195
219,195
220,195
221,195
222,195
223,195
224,195
225,195
226,195
227,195
228,195
229,195
230,195
231,195
232,195
233,195
234,195
235,195
236,195
237,195
238,195
239,195
240,195
241,195
242,195
243,195
244,195
245,195
246,195
247,195
248,195
249,195
250,195
251,195
252,195
253,195
254,195
255,195
256,195
257,195
258,195
259,195
80,196
81,196
82,196
83,196
84,196
85,196
86,196
87,196
88,196
89,196
90,196
91,196
92,196
93,196
94,196
95,196
96,196
97,196
98,196
99,196
200,196
201,196
202,196
203,196
204,196
205,196
206,196
207,196
208,196
209,196
210,196
211,196
212,196
213,196
214,196
215,196
216,196
217,196
218,196
219,196
220,196
221,196
222,196
223,196
224,196
225,196
226,196
227,196
228,196
229,196
230,196
231,196
232,196
233,196
234,196
235,196
236,196
237,196
238,196
239,196
240,196
241,196
242,196
243,196
244,196
245,196
246,196
247,196
248,196
249,196
250,196
251,196
252,196
253,196
254,196
255,196
256,196
257,196
258,196
259,196
80,197
81,197
82,197
83,197
84,197
85,197
86,197
87,197
88,197
89,197
90,197
91,197
92,197
93,197
94,197
95,197
96,197
97,197
98,197
99,197
200,197
201,197
202,197
203,197
204,197
205,197
206,197
207,197
208,197
209,197
210,197
211,197
212,197
213,197
214,197
215,197
216,197
217,197
218,197
219,197
220,197
221,197
222,197
223,197
224,197
225,197
226,197
227,197
228,197
229,197
230,197
231,197
232,197
233,197
234,197
235,197
236,197
237,197
238,197
239,197
240,197
241,197
242,197
243,197
244,197
245,197
246,197
247,197
248,197
249,197
250,197
251,197
252,197
253,197
254,197
255,197
256,197
257,197
258,197
259,197
80,198
81,198
82,198
83,198
84,198
85,198
86,198
87,198
88,198
89,198
90,198
91,198
92,198
93,198
94,198
95,198
96,198
97,198
98,198
99,198
200,198
201,198
202,198
203,198
204,198
205,198
206,198
207,198
208,198
209,198
210,198
211,198
212,198
213,198
214,198
215,198
216,198
217,198
218,198
219,198
220,198
221,198
222,198
223,198
224,198
225,198
226,198
227,198
228,198
229,198
230,198
231,198
232,198
233,198
234,198
235,198
236,198
237,198
238,198
239,198
240,198
241,198
242,198
243,198
244,198
245,198
246,198
247,198
248,198
249,198
250,198
251,198
252,198
253,198
254,198
255,198
256,198
257,198
258,198
259,198
80,199
81,199
82,199
83,199
84,199
85,199
86,199
87,199
88,199
89,199
90,199
91,199
92,199
93,199
94,199
95,199
96,199
97,199
98,199
99,199
200,199
201,199
202,199
203,199
204,199
205,199
206,199
207,199
208,199
209,199
210,199
211,199
212,199
213,199
214,199
215,199
216,199
217,199
218,199
219,199
220,199
221,199
222,199
223,199
224,199
225,199
226,199
227,199
228,199
229,199
230,199
231,199
232,199
233,199
234,199
235,199
236,199
237,199
238,199
239,199
240,199
241,199
242,199
243,199
244,199
245,199
246,199
247,199
248,199
249,199
250,199
251,199
252,199
253,199
254,199
255,199
256,199
257,199
258,199
259,199
80,200
81,200
82,200
83,200
84,200
85,200
86,200
87,200
88,200
89,200
90,200
91,200
92,200
93,200
94,200
95,200
96,200
97,200
98,200
99,200
180,200
181,200
182,200
183,200
184,200
185,200
186,200
187,200
188,200
189,200
190,200
191,200
192,200
193,200
194,200
195,200
196,200
197,200
198,200
199,200
200,200
201,200
202,200
203,200
204,200
205,200
206,200
207,200
208,200
209,200
210,200
211,200
212,200
213,200
214,200
215,200
216,200
217,200
218,200
219,200
220,200
221,200
222,200
223,200
224,200
225,200
226,200
227,200
228,200
229,200
230,200
231,200
232,200
233,200
234,200
235,200
236,200
237,200
238,200
239,200
240,200
241,200
242,200
243,200
244,200
245,200
246,200
247,200
248,200
249,200
250,200
251,200
252,200
253,200
254,200
255,200
256,200
257,200
258,200
259,200
80,201
81,201
82,201
83,201
84,201
85,201
86,201
87,201
88,201
89,201
90,201
91,201
92,201
93,201
94,201
95,201
96,201
97,201
98,201
99,201
180,201
181,201
182,201
183,201
184,201
185,201
186,201
187,201
188,201
189,201
190,201
191,201
192,201
193,201
194,201
195,201
196,201
197,201
198,201
199,201
200,201
201,201
202,201
203,201
204,201
205,201
206,201
207,201
208,201
209,201
210,201
211,201
212,201
213,201
214,201
215,201
216,201
217,201
218,201
219,201
220,201
221,201
222,201
223,201
224,201
225,201
226,201
227,201
228,201
229,201
230,201
231,201
232,201
233,201
234,201
235,201
236,201
237,201
238,201
239,201
240,201
241,201
242,201
243,201
244,201
245,201
246,201
247,201
248,201
249,201
250,201
251,201
252,201
253,201
254,201
255,201
256,201
257,201
258,201
259,201
80,202
81,202
82,202
83,202
84,202
85,202
86,202
87,202
88,202
89,202
90,202
91,202
92,202
93,202
94,202
95,202
96,202
97,202
98,202
99,202
180,202
181,202
182,202
183,202
184,202
185,202
186,202
187,202
188,202
189,202
190,202
191,202
192,202
193,202
194,202
195,202
196,202
197,202
198,202
199,202
200,202
201,202
202,202
203,202
204,202
205,202
206,202
207,202
208,202
209,202
210,202
211,202
212,202
213,202
214,202
215,202
216,202
217,202
218,202
219,202
220,202
221,202
222,202
223,202
224,202
225,202
226,202
227,202
228,202
229,202
230,202
231,202
232,202
233,202
234,202
235,202
236,202
237,202
238,202
239,202
240,202
241,202
242,202
243,202
244,202
245,202
246,202
247,202
248,202
249,202
250,202
251,202
252,202
253,202
254,202
255,202
256,202
257,202
258,202
259,202
80,203
81,203
82,203
83,203
84,203
85,203
86,203
87,203
88,203
89,203
90,203
91,203
92,203
93,203
94,203
95,203
96,203
97,203
98,203
99,203
180,203
181,203
182,203
183,203
184,203
185,203
186,203
187,203
188,203
189,203
190,203
191,203
192,203
193,203
194,203
195,203
196,203
197,203
198,203
199,203
200,203
201,203
202,203
203,203
204,203
205,203
206,203
207,203
208,203
209,203
210,203
211,203
212,203
213,203
214,203
215,203
216,203
217,203
218,203
219,203
220,203
221,203
222,203
223,203
224,203
225,203
226,203
227,203
228,203
229,203
230,203
231,203
232,203
233,203
234,203
235,203
236,203
237,203
238,203
239,203
240,203
241,203
242,203
243,203
244,203
245,203
246,203
247,203
248,203
249,203
250,203
251,203
252,203
253,203
254,203
255,203
256,203
257,203
258,203
259,203
80,204
81,204
82,204
83,204
84,204
85,204
86,204
87,204
88,204
89,204
90,204
91,204
92,204
93,204
94,204
95,204
96,204
97,204
98,204
99,204
180,204
181,204
182,204
183,204
184,204
185,204
186,204
187,204
188,204
189,204
190,204
191,204
192,204
193,204
194,204
195,204
196,204
197,204
198,204
199,204
200,204
201,204
202,204
203,204
204,204
205,204
206,204
207,204
208,204
209,204
210,204
211,204
212,204
213,204
214,204
215,204
216,204
217,204
218,204
219,204
220,204
221,204
222,204
223,204
224,204
225,204
226,204
227,204
228,204
229,204
230,204
231,204
232,204
233,204
234,204
235,204
236,204
237,204
238,204
239,204
240,204
241,204
242,204
243,204
244,204
245,204
246,204
247,204
248,204
249,204
250,204
251,204
252,204
253,204
254,204
255,204
256,204
257,204
258,204
259,204
80,205
81,205
82,205
83,205
84,205
85,205
86,205
87,205
88,205
89,205
90,205
91,205
92,205
93,205
94,205
95,205
96,205
97,205
98,205
99,205
180,205
181,205
182,205
183,205
184,205
185,205
186,205
187,205
188,205
189,205
190,205
191,205
192,205
193,205
194,205
195,205
196,205
197,205
198,205
199,205
200,205
201,205
202,205
203,205
204,205
205,205
206,205
207,205
208,205
209,205
210,205
211,205
212,205
213,205
214,205
215,205
216,205
217,205
218,205
219,205
220,205
221,205
222,205
223,205
224,205
225,205
226,205
227,205
228,205
229,205
230,205
231,205
232,205
233,205
234,205
235,205
236,205
237,205
238,205
239,205
240,205
241,205
242,205
243,205
244,205
245,205
246,205
247,205
248,205
249,205
250,205
251,205
252,205
253,205
254,205
255,205
256,205
257,205
258,205
259,205
80,206
81,206
82,206
83,206
84,206
85,206
86,206
87,206
88,206
89,206
90,206
91,206
92,206
93,206
94,206
95,206
96,206
97,206
98,206
99,206
180,206
181,206
182,206
183,206
184,206
185,206
186,206
187,206
188,206
189,206
190,206
191,206
192,206
193,206
194,206
195,206
196,206
197,206
198,206
199,206
200,206
201,206
202,206
203,206
204,206
205,206
206,206
207,206
208,206
209,206
210,206
211,206
212,206
213,206
214,206
215,206
216,206
217,206
218,206
219,206
220,206
221,206
222,206
223,206
224,206
225,206
226,206
227,206
228,206
229,206
230,206
231,206
232,206
233,206
234,206
235,206
236,206
237,206
238,206
239,206
240,206
241,206
242,206
243,206
244,206
245,206
246,206
247,206
248,206
249,206
250,206
251,206
252,206
253,206
254,206
255,206
256,206
257,206
258,206
259,206
80,207
81,207
82,207
83,207
84,207
85,207
86,207
87,207
88,207
89,207
90,207
91,207
92,207
93,207
94,207
95,207
96,207
97,207
98,207
99,207
180,207
181,207
182,207
183,207
184,207
185,207
186,207
187,207
188,207
189,207
190,207
191,207
192,207
193,207
194,207
195,207
196,207
197,207
198,207
199,207
200,207
201,207
202,207
203,207
204,207
205,207
206,207
207,207
208,207
209,207
210,207
211,207
212,207
213,207
214,207
215,207
216,207
217,207
218,207
219,207
220,207
221,207
222,207
223,207
224,207
225,207
226,207
227,207
228,207
229,207
230,207
231,207
232,207
233,207
234,207
235,207
236,207
237,207
238,207
239,207
240,207
241,207
242,207
243,207
244,207
245,207
246,207
247,207
248,207
249,207
250,207
251,207
252,207
253,207
254,207
255,207
256,207
257,207
258,207
259,207
80,208
81,208
82,208
83,208
84,208
85,208
86,208
87,208
88,208
89,208
90,208
91,208
92,208
93,208
94,208
95,208
96,208
97,208
98,208
99,208
180,208
181,208
182,208
183,208
184,208
185,208
186,208
187,208
188,208
189,208
190,208
191,208
192,208
193,208
194,208
195,208
196,208
197,208
198,208
199,208
200,208
201,208
202,208
203,208
204,208
205,208
206,208
207,208
208,208
209,208
210,208
211,208
212,208
213,208
214,208
215,208
216,208
217,208
218,208
219,208
220,208
221,208
222,208
223,208
224,208
225,208
226,208
227,208
228,208
229,208
230,208
231,208
232,208
233,208
234,208
235,208
236,208
237,208
238,208
239,208
240,208
241,208
242,208
243,208
244,208
245,208
246,208
247,208
248,208
249,208
250,208
251,208
252,208
253,208
254,208
255,208
256,208
257,208
258,208
259,208
80,209
81,209
82,209
83,209
84,209
85,209
86,209
87,209
88,209
89,209
90,209
91,209
92,209
93,209
94,209
95,209
96,209
97,209
98,209
99,209
180,209
181,209
182,209
183,209
184,209
185,209
186,209
187,209
188,209
189,209
190,209
191,209
192,209
193,209
194,209
195,209
196,209
197,209
198,209
199,209
200,209
201,209
202,209
203,209
204,209
205,209
206,209
207,209
208,209
209,209
210,209
211,209
212,209
213,209
214,209
215,209
216,209
217,209
218,209
219,209
220,209
221,209
222,209
223,209
224,209
225,209
226,209
227,209
228,209
229,209
230,209
231,209
232,209
233,209
234,209
235,209
236,209
237,209
238,209
239,209
240,209
241,209
242,209
243,209
244,209
245,209
246,209
247,209
248,209
249,209
250,209
251,209
252,209
253,209
254,209
255,209
256,209
257,209
258,209
259,209
80,210
81,210
82,210
83,210
84,210
85,210
86,210
87,210
88,210
89,210
90,210
91,210
92,210
93,210
94,210
95,210
96,210
97,210
98,210
99,210
180,210
181,210
182,210
183,210
184,210
185,210
186,210
187,210
188,210
189,210
190,210
191,210
192,210
193,210
194,210
195,210
196,210
197,210
198,210
199,210
200,210
201,210
202,210
203,210
204,210
205,210
206,210
207,210
208,210
209,210
210,210
211,210
212,210
213,210
214,210
215,210
216,210
217,210
218,210
219,210
220,210
221,210
222,210
223,210
224,210
225,210
226,210
227,210
228,210
229,210
230,210
231,210
232,210
233,210
234,210
235,210
236,210
237,210
238,210
239,210
240,210
241,210
242,210
243,210
244,210
245,210
246,210
247,210
248,210
249,210
250,210
251,210
252,210
253,210
254,210
255,210
256,210
257,210
258,210
259,210
80,211
81,211
82,211
83,211
84,211
85,211
86,211
87,211
88,211
89,211
90,211
91,211
92,211
93,211
94,211
95,211
96,211
97,211
98,211
99,211
180,211
181,211
182,211
183,211
184,211
185,211
186,211
187,211
188,211
189,211
190,211
191,211
192,211
193,211
194,211
195,211
196,211
197,211
198,211
199,211
200,211
201,211
202,211
203,211
204,211
205,211
206,211
207,211
208,211
209,211
210,211
211,211
212,211
213,211
214,211
215,211
216,211
217,211
218,211
219,211
220,211
221,211
222,211
223,211
224,211
225,211
226,211
227,211
228,211
229,211
230,211
231,211
232,211
233,211
234,211
235,211
236,211
237,211
238,211
239,211
240,211
241,211
242,211
243,211
244,211
245,211
246,211
247,211
248,211
249,211
250,211
251,211
252,211
253,211
254,211
255,211
256,211
257,211
258,211
259,211
80,212
81,212
82,212
83,212
84,212
85,212
86,212
87,212
88,212
89,212
90,212
91,212
92,212
93,212
94,212
95,212
96,212
97,212
98,212
99,212
180,212
181,212
182,212
183,212
184,212
185,212
186,212
187,212
188,212
189,212
190,212
191,212
192,212
193,212
194,212
195,212
196,212
197,212
198,212
199,212
200,212
201,212
202,212
203,212
204,212
205,212
206,212
207,212
208,212
209,212
210,212
211,212
212,212
213,212
214,212
215,212
216,212
217,212
218,212
219,212
220,212
221,212
222,212
223,212
224,212
225,212
226,212
227,212
228,212
229,212
230,212
231,212
232,212
233,212
234,212
235,212
236,212
237,212
238,212
239,212
240,212
241,212
242,212
243,212
244,212
245,212
246,212
247,212
248,212
249,212
250,212
251,212
252,212
253,212
254,212
255,212
256,212
257,212
258,212
259,212
80,213
81,213
82,213
83,213
84,213
85,213
86,213
87,213
88,213
89,213
90,213
91,213
92,213
93,213
94,213
95,213
96,213
97,213
98,213
99,213
180,213
181,213
182,213
183,213
184,213
185,213
186,213
187,213
188,213
189,213
190,213
191,213
192,213
193,213
194,213
195,213
196,213
197,213
198,213
199,213
200,213
201,213
202,213
203,213
204,213
205,213
206,213
207,213
208,213
209,213
210,213
211,213
212,213
213,213
214,213
215,213
216,213
217,213
218,213
219,213
220,213
221,213
222,213
223,213
224,213
225,213
226,213
227,213
228,213
229,213
230,213
231,213
232,213
233,213
234,213
235,213
236,213
237,213
238,213
239,213
240,213
241,213
242,213
243,213
244,213
245,213
246,213
247,213
248,213
249,213
250,213
251,213
252,213
253,213
254,213
255,213
256,213
257,213
258,213
259,213
80,214
81,214
82,214
83,214
84,214
85,214
86,214
87,214
88,214
89,214
90,214
91,214
92,214
93,214
94,214
95,214
96,214
97,214
98,214
99,214
180,214
181,214
182,214
183,214
184,214
185,214
186,214
187,214
188,214
189,214
190,214
191,214
192,214
193,214
194,214
195,214
196,214
197,214
198,214
199,214
200,214
201,214
202,214
203,214
204,214
205,214
206,214
207,214
208,214
209,214
210,214
211,214
212,214
213,214
214,214
215,214
216,214
217,214
218,214
219,214
220,214
221,214
222,214
223,214
224,214
225,214
226,214
227,214
228,214
229,214
230,214
231,214
232,214
233,214
234,214
235,214
236,214
237,214
238,214
239,214
240,214
241,214
242,214
243,214
244,214
245,214
246,214
247,214
248,214
249,214
250,214
251,214
252,214
253,214
254,214
255,214
256,214
257,214
258,214
259,214
80,215
81,215
82,215
83,215
84,215
85,215
86,215
87,215
88,215
89,215
90,215
91,215
92,215
93,215
94,215
95,215
96,215
97,215
98,215
99,215
180,215
181,215
182,215
183,215
184,215
185,215
186,215
187,215
188,215
189,215
190,215
191,215
192,215
193,215
194,215
195,215
196,215
197,215
198,215
199,215
200,215
201,215
202,215
203,215
204,215
205,215
206,215
207,215
208,215
209,215
210,215
211,215
212,215
213,215
214,215
215,215
216,215
217,215
218,215
219,215
220,215
221,215
222,215
223,215
224,215
225,215
226,215
227,215
228,215
229,215
230,215
231,215
232,215
233,215
234,215
235,215
236,215
237,215
238,215
239,215
240,215
241,215
242,215
243,215
244,215
245,215
246,215
247,215
248,215
249,215
250,215
251,215
252,215
253,215
254,215
255,215
256,215
257,215
258,215
259,215
80,216
81,216
82,216
83,216
84,216
85,216
86,216
87,216
88,216
89,216
90,216
91,216
92,216
93,216
94,216
95,216
96,216
97,216
98,216
99,216
180,216
181,216
182,216
183,216
184,216
185,216
186,216
187,216
188,216
189,216
190,216
191,216
192,216
193,216
194,216
195,216
196,216
197,216
198,216
199,216
200,216
201,216
202,216
203,216
204,216
205,216
206,216
207,216
208,216
209,216
210,216
211,216
212,216
213,216
214,216
215,216
216,216
217,216
218,216
219,216
220,216
221,216
222,216
223,216
224,216
225,216
226,216
227,216
228,216
229,216
230,216
231,216
232,216
233,216
234,216
235,216
236,216
237,216
238,216
239,216
240,216
241,216
242,216
243,216
244,216
245,216
246,216
247,216
248,216
249,216
250,216
251,216
252,216
253,216
254,216
255,216
256,216
257,216
258,216
259,216
80,217
81,217
82,217
83,217
84,217
85,217
86,217
87,217
88,217
89,217
90,217
91,217
92,217
93,217
94,217
95,217
96,217
97,217
98,217
99,217
180,217
181,217
182,217
183,217
184,217
185,217
186,217
187,217
188,217
189,217
190,217
191,217
192,217
193,217
194,217
195,217
196,217
197,217
198,217
199,217
200,217
201,217
202,217
203,217
204,217
205,217
206,217
207,217
208,217
209,217
210,217
211,217
212,217
213,217
214,217
215,217
216,217
217,217
218,217
219,217
220,217
221,217
222,217
223,217
224,217
225,217
226,217
227,217
228,217
229,217
230,217
231,217
232,217
233,217
234,217
235,217
236,217
237,217
238,217
239,217
240,217
241,217
242,217
243,217
244,217
245,217
246,217
247,217
248,217
249,217
250,217
251,217
252,217
253,217
254,217
255,217
256,217
257,217
258,217
259,217
80,218
81,218
82,218
83,218
84,218
85,218
86,218
87,218
88,218
89,218
90,218
91,218
92,218
93,218
94,218
95,218
96,218
97,218
98,218
99,218
180,218
181,218
182,218
183,218
184,218
185,218
186,218
187,218
188,218
189,218
190,218
191,218
192,218
193,218
194,218
195,218
196,218
197,218
198,218
199,218
200,218
201,218
202,218
203,218
204,218
205,218
206,218
207,218
208,218
209,218
210,218
211,218
212,218
213,218
214,218
215,218
216,218
217,218
218,218
219,218
220,218
221,218
222,218
223,218
224,218
225,218
226,218
227,218
228,218
229,218
230,218
231,218
232,218
233,218
234,218
235,218
236,218
237,218
238,218
239,218
240,218
241,218
242,218
243,218
244,218
245,218
246,218
247,218
248,218
249,218
250,218
251,218
252,218
253,218
254,218
255,218
256,218
257,218
258,218
259,218
80,219
81,219
82,219
83,219
84,219
85,219
86,219
87,219
88,219
89,219
90,219
91,219
92,219
93,219
94,219
95,219
96,219
97,219
98,219
99,219
180,219
181,219
182,219
183,219
184,219
185,219
186,219
187,219
188,219
189,219
190,219
191,219
192,219
193,219
194,219
195,219
196,219
197,219
198,219
199,219
200,219
201,219
202,219
203,219
204,219
205,219
206,219
207,219
208,219
209,219
210,219
211,219
212,219
213,219
214,219
215,219
216,219
217,219
218,219
219,219
220,219
221,219
222,219
223,219
224,219
225,219
226,219
227,219
228,219
229,219
230,219
231,219
232,219
233,219
234,219
235,219
236,219
237,219
238,219
239,219
240,219
241,219
242,219
243,219
244,219
245,219
246,219
247,219
248,219
249,219
250,219
251,219
252,219
253,219
254,219
255,219
256,219
257,219
258,219
259,219
40,220
41,220
42,220
43,220
44,220
45,220
46,220
47,220
48,220
49,220
50,220
51,220
52,220
53,220
54,220
55,220
56,220
57,220
58,220
59,220
60,220
61,220
62,220
63,220
64,220
65,220
66,220
67,220
68,220
69,220
70,220
71,220
72,220
73,220
74,220
75,220
76,220
77,220
78,220
79,220
80,220
81,220
82,220
83,220
84,220
85,220
86,220
87,220
88,220
89,220
90,220
91,220
92,220
93,220
94,220
95,220
96,220
97,220
98,220
99,220
200,220
201,220
202,220
203,220
204,220
205,220
206,220
207,220
208,220
209,220
210,220
211,220
212,220
213,220
214,220
215,220
216,220
217,220
218,220
219,220
220,220
221,220
222,220
223,220
224,220
225,220
226,220
227,220
228,220
229,220
230,220
231,220
232,220
233,220
234,220
235,220
236,220
237,220
238,220
239,220
40,221
41,221
42,221
43,221
44,221
45,221
46,221
47,221
48,221
49,221
50,221
51,221
52,221
53,221
54,221
55,221
56,221
57,221
58,221
59,221
60,221
61,221
62,221
63,221
64,221
65,221
66,221
67,221
68,221
69,221
70,221
71,221
72,221
73,221
74,221
75,221
76,221
77,221
78,221
79,221
80,221
81,221
82,221
83,221
84,221
85,221
86,221
87,221
88,221
89,221
90,221
91,221
92,221
93,221
94,221
95,221
96,221
97,221
98,221
99,221
200,221
201,221
202,221
203,221
204,221
205,221
206,221
207,221
208,221
209,221
210,221
211,221
212,221
213,221
214,221
215,221
216,221
217,221
218,221
219,221
220,221
221,221
222,221
223,221
224,221
225,221
226,221
227,221
228,221
229,221
230,221
231,221
232,221
233,221
234,221
235,221
236,221
237,221
238,221
239,221
40,222
41,222
42,222
43,222
44,222
45,222
46,222
47,222
48,222
49,222
50,222
51,222
52,222
53,222
54,222
55,222
56,222
57,222
58,222
59,222
60,222
61,222
62,222
63,222
64,222
65,222
66,222
67,222
68,222
69,222
70,222
71,222
72,222
73,222
74,222
75,222
76,222
77,222
78,222
79,222
80,222
81,222
82,222
83,222
84,222
85,222
86,222
87,222
88,222
89,222
90,222
91,222
92,222
93,222
94,222
95,222
96,222
97,222
98,222
99,222
200,222
201,222
202,222
203,222
204,222
205,222
206,222
207,222
208,222
209,222
210,222
211,222
212,222
213,222
214,222
215,222
216,222
217,222
218,222
219,222
220,222
221,222
222,222
223,222
224,222
225,222
226,222
227,222
228,222
229,222
230,222
231,222
232,222
233,222
234,222
235,222
236,222
237,222
238,222
239,222
40,223
41,223
42,223
43,223
44,223
45,223
46,223
47,223
48,223
49,223
50,223
51,223
52,223
53,223
54,223
55,223
56,223
57,223
58,223
59,223
60,223
61,223
62,223
63,223
64,223
65,223
66,223
67,223
68,223
69,223
70,223
71,223
72,223
73,223
74,223
75,223
76,223
77,223
78,223
79,223
80,223
81,223
82,223
83,223
84,223
85,223
86,223
87,223
88,223
89,223
90,223
91,223
92,223
93,223
94,223
95,223
96,223
97,223
98,223
99,223
200,223
201,223
202,223
203,223
204,223
205,223
206,223
207,223
208,223
209,223
210,223
211,223
212,223
213,223
214,223
215,223
216,223
217,223
218,223
219,223
220,223
221,223
222,223
223,223
224,223
225,223
226,223
227,223
228,223
229,223
230,223
231,223
232,223
233,223
234,223
235,223
236,223
237,223
238,223
239,223
40,224
41,224
42,224
43,224
44,224
45,224
46,224
47,224
48,224
49,224
50,224
51,224
52,224
53,224
54,224
55,224
56,224
57,224
58,224
59,224
60,224
61,224
62,224
63,224
64,224
65,224
66,224
67,224
68,224
69,224
70,224
71,224
72,224
73,224
74,224
75,224
76,224
77,224
78,224
79,224
80,224
81,224
82,224
83,224
84,224
85,224
86,224
87,224
88,224
89,224
90,224
91,224
92,224
93,224
94,224
95,224
96,224
97,224
98,224
99,224
200,224
201,224
202,224
203,224
204,224
205,224
206,224
207,224
208,224
209,224
210,224
211,224
212,224
213,224
214,224
215,224
216,224
217,224
218,224
219,224
220,224
221,224
222,224
223,224
224,224
225,224
226,224
227,224
228,224
229,224
230,224
231,224
232,224
233,224
234,224
235,224
236,224
237,224
238,224
239,224
40,225
41,225
42,225
43,225
44,225
45,225
46,225
47,225
48,225
49,225
50,225
51,225
52,225
53,225
54,225
55,225
56,225
57,225
58,225
59,225
60,225
61,225
62,225
63,225
64,225
65,225
66,225
67,225
68,225
69,225
70,225
71,225
72,225
73,225
74,225
75,225
76,225
77,225
78,225
79,225
80,225
81,225
82,225
83,225
84,225
85,225
86,225
87,225
88,225
89,225
90,225
91,225
92,225
93,225
94,225
95,225
96,225
97,225
98,225
99,225
200,225
201,225
202,225
203,225
204,225
205,225
206,225
207,225
208,225
209,225
210,225
211,225
212,225
213,225
214,225
215,225
216,225
217,225
218,225
219,225
220,225
221,225
222,225
223,225
224,225
225,225
226,225
227,225
228,225
229,225
230,225
231,225
232,225
233,225
234,225
235,225
236,225
237,225
238,225
239,225
40,226
41,226
42,226
43,226
44,226
45,226
46,226
47,226
48,226
49,226
50,226
51,226
52,226
53,226
54,226
55,226
56,226
57,226
58,226
59,226
60,226
61,226
62,226
63,226
64,226
65,226
66,226
67,226
68,226
69,226
70,226
71,226
72,226
73,226
74,226
75,226
76,226
77,226
78,226
79,226
80,226
81,226
82,226
83,226
84,226
85,226
86,226
87,226
88,226
89,226
90,226
91,226
92,226
93,226
94,226
95,226
96,226
97,226
98,226
99,226
200,226
201,226
202,226
203,226
204,226
205,226
206,226
207,226
208,226
209,226
210,226
211,226
212,226
213,226
214,226
215,226
216,226
217,226
218,226
219,226
220,226
221,226
222,226
223,226
224,226
225,226
226,226
227,226
228,226
229,226
230,226
231,226
232,226
233,226
234,226
235,226
236,226
237,226
238,226
239,226
40,227
41,227
42,227
43,227
44,227
45,227
46,227
47,227
48,227
49,227
50,227
51,227
52,227
53,227
54,227
55,227
56,227
57,227
58,227
59,227
60,227
61,227
62,227
63,227
64,227
65,227
66,227
67,227
68,227
69,227
70,227
71,227
72,227
73,227
74,227
75,227
76,227
77,227
78,227
79,227
80,227
81,227
82,227
83,227
84,227
85,227
86,227
87,227
88,227
89,227
90,227
91,227
92,227
93,227
94,227
95,227
96,227
97,227
98,227
99,227
200,227
201,227
202,227
203,227
204,227
205,227
206,227
207,227
208,227
209,227
210,227
211,227
212,227
213,227
214,227
215,227
216,227
217,227
218,227
219,227
220,227
221,227
222,227
223,227
224,227
225,227
226,227
227,227
228,227
229,227
230,227
231,227
232,227
233,227
234,227
235,227
236,227
237,227
238,227
239,227
40,228
41,228
42,228
43,228
44,228
45,228
46,228
47,228
48,228
49,228
50,228
51,228
52,228
53,228
54,228
55,228
56,228
57,228
58,228
59,228
60,228
61,228
62,228
63,228
64,228
65,228
66,228
67,228
68,228
69,228
70,228
71,228
72,228
73,228
74,228
75,228
76,228
77,228
78,228
79,228
80,228
81,228
82,228
83,228
84,228
85,228
86,228
87,228
88,228
89,228
90,228
91,228
92,228
93,228
94,228
95,228
96,228
97,228
98,228
99,228
200,228
201,228
202,228
203,228
204,228
205,228
206,228
207,228
208,228
209,228
210,228
211,228
212,228
213,228
214,228
215,228
216,228
217,228
218,228
219,228
220,228
221,228
222,228
223,228
224,228
225,228
226,228
227,228
228,228
229,228
230,228
231,228
232,228
233,228
234,228
235,228
236,228
237,228
238,228
239,228
40,229
41,229
42,229
43,229
44,229
45,229
46,229
47,229
48,229
49,229
50,229
51,229
52,229
53,229
54,229
55,229
56,229
57,229
58,229
59,229
60,229
61,229
62,229
63,229
64,229
65,229
66,229
67,229
68,229
69,229
70,229
71,229
72,229
73,229
74,229
75,229
76,229
77,229
78,229
79,229
80,229
81,229
82,229
83,229
84,229
85,229
86,229
87,229
88,229
89,229
90,229
91,229
92,229
93,229
94,229
95,229
96,229
97,229
98,229
99,229
200,229
201,229
202,229
203,229
204,229
205,229
206,229
207,229
208,229
209,229
210,229
211,229
212,229
213,229
214,229
215,229
216,229
217,229
218,229
219,229
220,229
221,229
222,229
223,229
224,229
225,229
226,229
227,229
228,229
229,229
230,229
231,229
232,229
233,229
234,229
235,229
236,229
237,229
238,229
239,229
40,230
41,230
42,230
43,230
44,230
45,230
46,230
47,230
48,230
49,230
50,230
51,230
52,230
53,230
54,230
55,230
56,230
57,230
58,230
59,230
60,230
61,230
62,230
63,230
64,230
65,230
66,230
67,230
68,230
69,230
70,230
71,230
72,230
73,230
74,230
75,230
76,230
77,230
78,230
79,230
80,230
81,230
82,230
83,230
84,230
85,230
86,230
87,230
88,230
89,230
90,230
91,230
92,230
93,230
94,230
95,230
96,230
97,230
98,230
99,230
200,230
201,230
202,230
203,230
204,230
205,230
206,230
207,230
208,230
209,230
210,230
211,230
212,230
213,230
214,230
215,230
216,230
217,230
218,230
219,230
220,230
221,230
222,230
223,230
224,230
225,230
226,230
227,230
228,230
229,230
230,230
231,230
232,230
233,230
234,230
235,230
236,230
237,230
238,230
239,230
40,231
41,231
42,231
43,231
44,231
45,231
46,231
47,231
48,231
49,231
50,231
51,231
52,231
53,231
54,231
55,231
56,231
57,231
58,231
59,231
60,231
61,231
62,231
63,231
64,231
65,231
66,231
67,231
68,231
69,231
70,231
71,231
72,231
73,231
74,231
75,231
76,231
77,231
78,231
79,231
80,231
81,231
82,231
83,231
84,231
85,231
86,231
87,231
88,231
89,231
90,231
91,231
92,231
93,231
94,231
95,231
96,231
97,231
98,231
99,231
200,231
201,231
202,231
203,231
204,231
205,231
206,231
207,231
208,231
209,231
210,231
211,231
212,231
213,231
214,231
215,231
216,231
217,231
218,231
219,231
220,231
221,231
222,231
223,231
224,231
225,231
226,231
227,231
228,231
229,231
230,231
231,231
232,231
233,231
234,231
235,231
236,231
237,231
238,231
239,231
40,232
41,232
42,232
43,232
44,232
45,232
46,232
47,232
48,232
49,232
50,232
51,232
52,232
53,232
54,232
55,232
56,232
57,232
58,232
59,232
60,232
61,232
62,232
63,232
64,232
65,232
66,232
67,232
68,232
69,232
70,232
71,232
72,232
73,232
74,232
75,232
76,232
77,232
78,232
79,232
80,232
81,232
82,232
83,232
84,232
85,232
86,232
87,232
88,232
89,232
90,232
91,232
92,232
93,232
94,232
95,232
96,232
97,232
98,232
99,232
200,232
201,232
202,232
203,232
204,232
205,232
206,232
207,232
208,232
209,232
210,232
211,232
212,232
213,232
214,232
215,232
216,232
217,232
218,232
219,232
220,232
221,232
222,232
223,232
224,232
225,232
226,232
227,232
228,232
229,232
230,232
231,232
232,232
233,232
234,232
235,232
236,232
237,232
238,232
239,232
40,233
41,233
42,233
43,233
44,233
45,233
46,233
47,233
48,233
49,233
50,233
51,233
52,233
53,233
54,233
55,233
56,233
57,233
58,233
59,233
60,233
61,233
62,233
63,233
64,233
65,233
66,233
67,233
68,233
69,233
70,233
71,233
72,233
73,233
74,233
75,233
76,233
77,233
78,233
79,233
80,233
81,233
82,233
83,233
84,233
85,233
86,233
87,233
88,233
89,233
90,233
91,233
92,233
93,233
94,233
95,233
96,233
97,233
98,233
99,233
200,233
201,233
202,233
203,233
204,233
205,233
206,233
207,233
208,233
209,233
210,233
211,233
212,233
213,233
214,233
215,233
216,233
217,233
218,233
219,233
220,233
221,233
222,233
223,233
224,233
225,233
226,233
227,233
228,233
229,233
230,233
231,233
232,233
233,233
234,233
235,233
236,233
237,233
238,233
239,233
40,234
41,234
42,234
43,234
44,234
45,234
46,234
47,234
48,234
49,234
50,234
51,234
52,234
53,234
54,234
55,234
56,234
57,234
58,234
59,234
60,234
61,234
62,234
63,234
64,234
65,234
66,234
67,234
68,234
69,234
70,234
71,234
72,234
73,234
74,234
75,234
76,234
77,234
78,234
79,234
80,234
81,234
82,234
83,234
84,234
85,234
86,234
87,234
88,234
89,234
90,234
91,234
92,234
93,234
94,234
95,234
96,234
97,234
98,234
99,234
200,234
201,234
202,234
203,234
204,234
205,234
206,234
207,234
208,234
209,234
210,234
211,234
212,234
213,234
214,234
215,234
216,234
217,234
218,234
219,234
220,234
221,234
222,234
223,234
224,234
225,234
226,234
227,234
228,234
229,234
230,234
231,234
232,234
233,234
234,234
235,234
236,234
237,234
238,234
239,234
40,235
41,235
42,235
43,235
44,235
45,235
46,235
47,235
48,235
49,235
50,235
51,235
52,235
53,235
54,235
55,235
56,235
57,235
58,235
59,235
60,235
61,235
62,235
63,235
64,235
65,235
66,235
67,235
68,235
69,235
70,235
71,235
72,235
73,235
74,235
75,235
76,235
77,235
78,235
79,235
80,235
81,235
82,235
83,235
84,235
85,235
86,235
87,235
88,235
89,235
90,235
91,235
92,235
93,235
94,235
95,235
96,235
97,235
98,235
99,235
200,235
201,235
202,235
203,235
204,235
205,235
206,235
207,235
208,235
209,235
210,235
211,235
212,235
213,235
214,235
215,235
216,235
217,235
218,235
219,235
220,235
221,235
222,235
223,235
224,235
225,235
226,235
227,235
228,235
229,235
230,235
231,235
232,235
233,235
234,235
235,235
236,235
237,235
238,235
239,235
40,236
41,236
42,236
43,236
44,236
45,236
46,236
47,236
48,236
49,236
50,236
51,236
52,236
53,236
54,236
55,236
56,236
57,236
58,236
59,236
60,236
61,236
62,236
63,236
64,236
65,236
66,236
67,236
68,236
69,236
70,236
71,236
72,236
73,236
74,236
75,236
76,236
77,236
78,236
79,236
80,236
81,236
82,236
83,236
84,236
85,236
86,236
87,236
88,236
89,236
90,236
91,236
92,236
93,236
94,236
95,236
96,236
97,236
98,236
99,236
200,236
201,236
202,236
203,236
204,236
205,236
206,236
207,236
208,236
209,236
210,236
211,236
212,236
213,236
214,236
215,236
216,236
217,236
218,236
219,236
220,236
221,236
222,236
223,236
224,236
225,236
226,236
227,236
228,236
229,236
230,236
231,236
232,236
233,236
234,236
235,236
236,236
237,236
238,236
239,236
40,237
41,237
42,237
43,237
44,237
45,237
46,237
47,237
48,237
49,237
50,237
51,237
52,237
53,237
54,237
55,237
56,237
57,237
58,237
59,237
60,237
61,237
62,237
63,237
64,237
65,237
66,237
67,237
68,237
69,237
70,237
71,237
72,237
73,237
74,237
75,237
76,237
77,237
78,237
79,237
80,237
81,237
82,237
83,237
84,237
85,237
86,237
87,237
88,237
89,237
90,237
91,237
92,237
93,237
94,237
95,237
96,237
97,237
98,237
99,237
200,237
201,237
202,237
203,237
204,237
205,237
206,237
207,237
208,237
209,237
210,237
211,237
212,237
213,237
214,237
215,237
216,237
217,237
218,237
219,237
220,237
221,237
222,237
223,237
224,237
225,237
226,237
227,237
228,237
229,237
230,237
231,237
232,237
233,237
234,237
235,237
236,237
237,237
238,237
239,237
40,238
41,238
42,238
43,238
44,238
45,238
46,238
47,238
48,238
49,238
50,238
51,238
52,238
53,238
54,238
55,238
56,238
57,238
58,238
59,238
60,238
61,238
62,238
63,238
64,238
65,238
66,238
67,238
68,238
69,238
70,238
71,238
72,238
73,238
74,238
75,238
76,238
77,238
78,238
79,238
80,238
81,238
82,238
83,238
84,238
85,238
86,238
87,238
88,238
89,238
90,238
91,238
92,238
93,238
94,238
95,238
96,238
97,238
98,238
99,238
200,238
201,238
202,238
203,238
204,238
205,238
206,238
207,238
208,238
209,238
210,238
211,238
212,238
213,238
214,238
215,238
216,238
217,238
218,238
219,238
220,238
221,238
222,238
223,238
224,238
225,238
226,238
227,238
228,238
229,238
230,238
231,238
232,238
233,238
234,238
235,238
236,238
237,238
238,238
239,238
40,239
41,239
42,239
43,239
44,239
45,239
46,239
47,239
48,239
49,239
50,239
51,239
52,239
53,239
54,239
55,239
56,239
57,239
58,239
59,239
60,239
61,239
62,239
63,239
64,239
65,239
66,239
67,239
68,239
69,239
70,239
71,239
72,239
73,239
74,239
75,239
76,239
77,239
78,239
79,239
80,239
81,239
82,239
83,239
84,239
85,239
86,239
87,239
88,239
89,239
90,239
91,239
92,239
93,239
94,239
95,239
96,239
97,239
98,239
99,239
200,239
201,239
202,239
203,239
204,239
205,239
206,239
207,239
208,239
209,239
210,239
211,239
212,239
213,239
214,239
215,239
216,239
217,239
218,239
219,239
220,239
221,239
222,239
223,239
224,239
225,239
226,239
227,239
228,239
229,239
230,239
231,239
232,239
233,239
234,239
235,239
236,239
237,239
238,239
239,239
20,240
21,240
22,240
23,240
24,240
25,240
26,240
27,240
28,240
29,240
30,240
31,240
32,240
33,240
34,240
35,240
36,240
37,240
38,240
39,240
40,240
41,240
42,240
43,240
44,240
45,240
46,240
47,240
48,240
49,240
50,240
51,240
52,240
53,240
54,240
55,240
56,240
57,240
58,240
59,240
60,240
61,240
62,240
63,240
64,240
65,240
66,240
67,240
68,240
69,240
70,240
71,240
72,240
73,240
74,240
75,240
76,240
77,240
78,240
79,240
80,240
81,240
82,240
83,240
84,240
85,240
86,240
87,240
88,240
89,240
90,240
91,240
92,240
93,240
94,240
95,240
96,240
97,240
98,240
99,240
20,241
21,241
22,241
23,241
24,241
25,241
26,241
27,241
28,241
29,241
30,241
31,241
32,241
33,241
34,241
35,241
36,241
37,241
38,241
39,241
40,241
41,241
42,241
43,241
44,241
45,241
46,241
47,241
48,241
49,241
50,241
51,241
52,241
53,241
54,241
55,241
56,241
57,241
58,241
59,241
60,241
61,241
62,241
63,241
64,241
65,241
66,241
67,241
68,241
69,241
70,241
71,241
72,241
73,241
74,241
75,241
76,241
77,241
78,241
79,241
80,241
81,241
82,241
83,241
84,241
85,241
86,241
87,241
88,241
89,241
90,241
91,241
92,241
93,241
94,241
95,241
96,241
97,241
98,241
99,241
20,242
21,242
22,242
23,242
24,242
25,242
26,242
27,242
28,242
29,242
30,242
31,242
32,242
33,242
34,242
35,242
36,242
37,242
38,242
39,242
40,242
41,242
42,242
43,242
44,242
45,242
46,242
47,242
48,242
49,242
50,242
51,242
52,242
53,242
54,242
55,242
56,242
57,242
58,242
59,242
60,242
61,242
62,242
63,242
64,242
65,242
66,242
67,242
68,242
69,242
70,242
71,242
72,242
73,242
74,242
75,242
76,242
77,242
78,242
79,242
80,242
81,242
82,242
83,242
84,242
85,242
86,242
87,242
88,242
89,242
90,242
91,242
92,242
93,242
94,242
95,242
96,242
97,242
98,242
99,242
20,243
21,243
22,243
23,243
24,243
25,243
26,243
27,243
28,243
29,243
30,243
31,243
32,243
33,243
34,243
35,243
36,243
37,243
38,243
39,243
40,243
41,243
42,243
43,243
44,243
45,243
46,243
47,243
48,243
49,243
50,243
51,243
52,243
53,243
54,243
55,243
56,243
57,243
58,243
59,243
60,243
61,243
62,243
63,243
64,243
65,243
66,243
67,243
68,243
69,243
70,243
71,243
72,243
73,243
74,243
75,243
76,243
77,243
78,243
79,243
80,243
81,243
82,243
83,243
84,243
85,243
86,243
87,243
88,243
89,243
90,243
91,243
92,243
93,243
94,243
95,243
96,243
97,243
98,243
99,243
20,244
21,244
22,244
23,244
24,244
25,244
26,244
27,244
28,244
29,244
30,244
31,244
32,244
33,244
34,244
35,244
36,244
37,244
38,244
39,244
40,244
41,244
42,244
43,244
44,244
45,244
46,244
47,244
48,244
49,244
50,244
51,244
52,244
53,244
54,244
55,244
56,244
57,244
58,244
59,244
60,244
61,244
62,244
63,244
64,244
65,244
66,244
67,244
68,244
69,244
70,244
71,244
72,244
73,244
74,244
75,244
76,244
77,244
78,244
79,244
80,244
81,244
82,244
83,244
84,244
85,244
86,244
87,244
88,244
89,244
90,244
91,244
92,244
93,244
94,244
95,244
96,244
97,244
98,244
99,244
20,245
21,245
22,245
23,245
24,245
25,245
26,245
27,245
28,245
29,245
30,245
31,245
32,245
33,245
34,245
35,245
36,245
37,245
38,245
39,245
40,245
41,245
42,245
43,245
44,245
45,245
46,245
47,245
48,245
49,245
50,245
51,245
52,245
53,245
54,245
55,245
56,245
57,245
58,245
59,245
60,245
61,245
62,245
63,245
64,245
65,245
66,245
67,245
68,245
69,245
70,245
71,245
72,245
73,245
74,245
75,245
76,245
77,245
78,245
79,245
80,245
81,245
82,245
83,245
84,245
85,245
86,245
87,245
88,245
89,245
90,245
91,245
92,245
93,245
94,245
95,245
96,245
97,245
98,245
99,245
20,246
21,246
22,246
23,246
24,246
25,246
26,246
27,246
28,246
29,246
30,246
31,246
32,246
33,246
34,246
35,246
36,246
37,246
38,246
39,246
40,246
41,246
42,246
43,246
44,246
45,246
46,246
47,246
48,246
49,246
50,246
51,246
52,246
53,246
54,246
55,246
56,246
57,246
58,246
59,246
60,246
61,246
62,246
63,246
64,246
65,246
66,246
67,246
68,246
69,246
70,246
71,246
72,246
73,246
74,246
75,246
76,246
77,246
78,246
79,246
80,246
81,246
82,246
83,246
84,246
85,246
86,246
87,246
88,246
89,246
90,246
91,246
92,246
93,246
94,246
95,246
96,246
97,246
98,246
99,246
20,247
21,247
22,247
23,247
24,247
25,247
26,247
27,247
28,247
29,247
30,247
31,247
32,247
33,247
34,247
35,247
36,247
37,247
38,247
39,247
40,247
41,247
42,247
43,247
44,247
45,247
46,247
47,247
48,247
49,247
50,247
51,247
52,247
53,247
54,247
55,247
56,247
57,247
58,247
59,247
60,247
61,247
62,247
63,247
64,247
65,247
66,247
67,247
68,247
69,247
70,247
71,247
72,247
73,247
74,247
75,247
76,247
77,247
78,247
79,247
80,247
81,247
82,247
83,247
84,247
85,247
86,247
87,247
88,247
89,247
90,247
91,247
92,247
93,247
94,247
95,247
96,247
97,247
98,247
99,247
20,248
21,248
22,248
23,248
24,248
25,248
26,248
27,248
28,248
29,248
30,248
31,248
32,248
33,248
34,248
35,248
36,248
37,248
38,248
39,248
40,248
41,248
42,248
43,248
44,248
45,248
46,248
47,248
48,248
49,248
50,248
51,248
52,248
53,248
54,248
55,248
56,248
57,248
58,248
59,248
60,248
61,248
62,248
63,248
64,248
65,248
66,248
67,248
68,248
69,248
70,248
71,248
72,248
73,248
74,248
75,248
76,248
77,248
78,248
79,248
80,248
81,248
82,248
83,248
84,248
85,248
86,248
87,248
88,248
89,248
90,248
91,248
92,248
93,248
94,248
95,248
96,248
97,248
98,248
99,248
20,249
21,249
22,249
23,249
24,249
25,249
26,249
27,249
28,249
29,249
30,249
31,249
32,249
33,249
34,249
35,249
36,249
37,249
38,249
39,249
40,249
41,249
42,249
43,249
44,249
45,249
46,249
47,249
48,249
49,249
50,249
51,249
52,249
53,249
54,249
55,249
56,249
57,249
58,249
59,249
60,249
61,249
62,249
63,249
64,249
65,249
66,249
67,249
68,249
69,249
70,249
71,249
72,249
73,249
74,249
75,249
76,249
77,249
78,249
79,249
80,249
81,249
82,249
83,249
84,249
85,249
86,249
87,249
88,249
89,249
90,249
91,249
92,249
93,249
94,249
95,249
96,249
97,249
98,249
99,249
20,250
21,250
22,250
23,250
24,250
25,250
26,250
27,250
28,250
29,250
30,250
31,250
32,250
33,250
34,250
35,250
36,250
37,250
38,250
39,250
40,250
41,250
42,250
43,250
44,250
45,250
46,250
47,250
48,250
49,250
50,250
51,250
52,250
53,250
54,250
55,250
56,250
57,250
58,250
59,250
60,250
61,250
62,250
63,250
64,250
65,250
66,250
67,250
68,250
69,250
70,250
71,250
72,250
73,250
74,250
75,250
76,250
77,250
78,250
79,250
80,250
81,250
82,250
83,250
84,250
85,250
86,250
87,250
88,250
89,250
90,250
91,250
92,250
93,250
94,250
95,250
96,250
97,250
98,250
99,250
20,251
21,251
22,251
23,251
24,251
25,251
26,251
27,251
28,251
29,251
30,251
31,251
32,251
33,251
34,251
35,251
36,251
37,251
38,251
39,251
40,251
41,251
42,251
43,251
44,251
45,251
46,251
47,251
48,251
49,251
50,251
51,251
52,251
53,251
54,251
55,251
56,251
57,251
58,251
59,251
60,251
61,251
62,251
63,251
64,251
65,251
66,251
67,251
68,251
69,251
70,251
71,251
72,251
73,251
74,251
75,251
76,251
77,251
78,251
79,251
80,251
81,251
82,251
83,251
84,251
85,251
86,251
87,251
88,251
89,251
90,251
91,251
92,251
93,251
94,251
95,251
96,251
97,251
98,251
99,251
20,252
21,252
22,252
23,252
24,252
25,252
26,252
27,252
28,252
29,252
30,252
31,252
32,252
33,252
34,252
35,252
36,252
37,252
38,252
39,252
40,252
41,252
42,252
43,252
44,252
45,252
46,252
47,252
48,252
49,252
50,252
51,252
52,252
53,252
54,252
55,252
56,252
57,252
58,252
59,252
60,252
61,252
62,252
63,252
64,252
65,252
66,252
67,252
68,252
69,252
70,252
71,252
72,252
73,252
74,252
75,252
76,252
77,252
78,252
79,252
80,252
81,252
82,252
83,252
84,252
85,252
86,252
87,252
88,252
89,252
90,252
91,252
92,252
93,252
94,252
95,252
96,252
97,252
98,252
99,252
20,253
21,253
22,253
23,253
24,253
25,253
26,253
27,253
28,253
29,253
30,253
31,253
32,253
33,253
34,253
35,253
36,253
37,253
38,253
39,253
40,253
41,253
42,253
43,253
44,253
45,253
46,253
47,253
48,253
49,253
50,253
51,253
52,253
53,253
54,253
55,253
56,253
57,253
58,253
59,253
60,253
61,253
62,253
63,253
64,253
65,253
66,253
67,253
68,253
69,253
70,253
71,253
72,253
73,253
74,253
75,253
76,253
77,253
78,253
79,253
80,253
81,253
82,253
83,253
84,253
85,253
86,253
87,253
88,253
89,253
90,253
91,253
92,253
93,253
94,253
95,253
96,253
97,253
98,253
99,253
20,254
21,254
22,254
23,254
24,254
25,254
26,254
27,254
28,254
29,254
30,254
31,254
32,254
33,254
34,254
35,254
36,254
37,254
38,254
39,254
40,254
41,254
42,254
43,254
44,254
45,254
46,254
47,254
48,254
49,254
50,254
51,254
52,254
53,254
54,254
55,254
56,254
57,254
58,254
59,254
60,254
61,254
62,254
63,254
64,254
65,254
66,254
67,254
68,254
69,254
70,254
71,254
72,254
73,254
74,254
75,254
76,254
77,254
78,254
79,254
80,254
81,254
82,254
83,254
84,254
85,254
86,254
87,254
88,254
89,254
90,254
91,254
92,254
93,254
94,254
95,254
96,254
97,254
98,254
99,254
20,255
21,255
22,255
23,255
24,255
25,255
26,255
27,255
28,255
29,255
30,255
31,255
32,255
33,255
34,255
35,255
36,255
37,255
38,255
39,255
40,255
41,255
42,255
43,255
44,255
45,255
46,255
47,255
48,255
49,255
50,255
51,255
52,255
53,255
54,255
55,255
56,255
57,255
58,255
59,255
60,255
61,255
62,255
63,255
64,255
65,255
66,255
67,255
68,255
69,255
70,255
71,255
72,255
73,255
74,255
75,255
76,255
77,255
78,255
79,255
80,255
81,255
82,255
83,255
84,255
85,255
86,255
87,255
88,255
89,255
90,255
91,255
92,255
93,255
94,255
95,255
96,255
97,255
98,255
99,255
20,256
21,256
22,256
23,256
24,256
25,256
26,256
27,256
28,256
29,256
30,256
31,256
32,256
33,256
34,256
35,256
36,256
37,256
38,256
39,256
40,256
41,256
42,256
43,256
44,256
45,256
46,256
47,256
48,256
49,256
50,256
51,256
52,256
53,256
54,256
55,256
56,256
57,256
58,256
59,256
60,256
61,256
62,256
63,256
64,256
65,256
66,256
67,256
68,256
69,256
70,256
71,256
72,256
73,256
74,256
75,256
76,256
77,256
78,256
79,256
80,256
81,256
82,256
83,256
84,256
85,256
86,256
87,256
88,256
89,256
90,256
91,256
92,256
93,256
94,256
95,256
96,256
97,256
98,256
99,256
20,257
21,257
22,257
23,257
24,257
25,257
26,257
27,257
28,257
29,257
30,257
31,257
32,257
33,257
34,257
35,257
36,257
37,257
38,257
39,257
40,257
41,257
42,257
43,257
44,257
45,257
46,257
47,257
48,257
49,257
50,257
51,257
52,257
53,257
54,257
55,257
56,257
57,257
58,257
59,257
60,257
61,257
62,257
63,257
64,257
65,257
66,257
67,257
68,257
69,257
70,257
71,257
72,257
73,257
74,257
75,257
76,257
77,257
78,257
79,257
80,257
81,257
82,257
83,257
84,257
85,257
86,257
87,257
88,257
89,257
90,257
91,257
92,257
93,257
94,257
95,257
96,257
97,257
98,257
99,257
20,258
21,258
22,258
23,258
24,258
25,258
26,258
27,258
28,258
29,258
30,258
31,258
32,258
33,258
34,258
35,258
36,258
37,258
38,258
39,258
40,258
41,258
42,258
43,258
44,258
45,258
46,258
47,258
48,258
49,258
50,258
51,258
52,258
53,258
54,258
55,258
56,258
57,258
58,258
59,258
60,258
61,258
62,258
63,258
64,258
65,258
66,258
67,258
68,258
69,258
70,258
71,258
72,258
73,258
74,258
75,258
76,258
77,258
78,258
79,258
80,258
81,258
82,258
83,258
84,258
85,258
86,258
87,258
88,258
89,258
90,258
91,258
92,258
93,258
94,258
95,258
96,258
97,258
98,258
99,258
20,259
21,259
22,259
23,259
24,259
25,259
26,259
27,259
28,259
29,259
30,259
31,259
32,259
33,259
34,259
35,259
36,259
37,259
38,259
39,259
40,259
41,259
42,259
43,259
44,259
45,259
46,259
47,259
48,259
49,259
50,259
51,259
52,259
53,259
54,259
55,259
56,259
57,259
58,259
59,259
60,259
61,259
62,259
63,259
64,259
65,259
66,259
67,259
68,259
69,259
70,259
71,259
72,259
73,259
74,259
75,259
76,259
77,259
78,259
79,259
80,259
81,259
82,259
83,259
84,259
85,259
86,259
87,259
88,259
89,259
90,259
91,259
92,259
93,259
94,259
95,259
96,259
97,259
98,259
99,259
40,260
41,260
42,260
43,260
44,260
45,260
46,260
47,260
48,260
49,260
50,260
51,260
52,260
53,260
54,260
55,260
56,260
57,260
58,260
59,260
60,260
61,260
62,260
63,260
64,260
65,260
66,260
67,260
68,260
69,260
70,260
71,260
72,260
73,260
74,260
75,260
76,260
77,260
78,260
79,260
40,261
41,261
42,261
43,261
44,261
45,261
46,261
47,261
48,261
49,261
50,261
51,261
52,261
53,261
54,261
55,261
56,261
57,261
58,261
59,261
60,261
61,261
62,261
63,261
64,261
65,261
66,261
67,261
68,261
69,261
70,261
71,261
72,261
73,261
74,261
75,261
76,261
77,261
78,261
79,261
40,262
41,262
42,262
43,262
44,262
45,262
46,262
47,262
48,262
49,262
50,262
51,262
52,262
53,262
54,262
55,262
56,262
57,262
58,262
59,262
60,262
61,262
62,262
63,262
64,262
65,262
66,262
67,262
68,262
69,262
70,262
71,262
72,262
73,262
74,262
75,262
76,262
77,262
78,262
79,262
40,263
41,263
42,263
43,263
44,263
45,263
46,263
47,263
48,263
49,263
50,263
51,263
52,263
53,263
54,263
55,263
56,263
57,263
58,263
59,263
60,263
61,263
62,263
63,263
64,263
65,263
66,263
67,263
68,263
69,263
70,263
71,263
72,263
73,263
74,263
75,263
76,263
77,263
78,263
79,263
40,264
41,264
42,264
43,264
44,264
45,264
46,264
47,264
48,264
49,264
50,264
51,264
52,264
53,264
54,264
55,264
56,264
57,264
58,264
59,264
60,264
61,264
62,264
63,264
64,264
65,264
66,264
67,264
68,264
69,264
70,264
71,264
72,264
73,264
74,264
75,264
76,264
77,264
78,264
79,264
40,265
41,265
42,265
43,265
44,265
45,265
46,265
47,265
48,265
49,265
50,265
51,265
52,265
53,265
54,265
55,265
56,265
57,265
58,265
59,265
60,265
61,265
62,265
63,265
64,265
65,265
66,265
67,265
68,265
69,265
70,265
71,265
72,265
73,265
74,265
75,265
76,265
77,265
78,265
79,265
40,266
41,266
42,266
43,266
44,266
45,266
46,266
47,266
48,266
49,266
50,266
51,266
52,266
53,266
54,266
55,266
56,266
57,266
58,266
59,266
60,266
61,266
62,266
63,266
64,266
65,266
66,266
67,266
68,266
69,266
70,266
71,266
72,266
73,266
74,266
75,266
76,266
77,266
78,266
79,266
40,267
41,267
42,267
43,267
44,267
45,267
46,267
47,267
48,267
49,267
50,267
51,267
52,267
53,267
54,267
55,267
56,267
57,267
58,267
59,267
60,267
61,267
62,267
63,267
64,267
65,267
66,267
67,267
68,267
69,267
70,267
71,267
72,267
73,267
74,267
75,267
76,267
77,267
78,267
79,267
40,268
41,268
42,268
43,268
44,268
45,268
46,268
47,268
48,268
49,268
50,268
51,268
52,268
53,268
54,268
55,268
56,268
57,268
58,268
59,268
60,268
61,268
62,268
63,268
64,268
65,268
66,268
67,268
68,268
69,268
70,268
71,268
72,268
73,268
74,268
75,268
76,268
77,268
78,268
79,268
40,269
41,269
42,269
43,269
44,269
45,269
46,269
47,269
48,269
49,269
50,269
51,269
52,269
53,269
54,269
55,269
56,269
57,269
58,269
59,269
60,269
61,269
62,269
63,269
64,269
65,269
66,269
67,269
68,269
69,269
70,269
71,269
72,269
73,269
74,269
75,269
76,269
77,269
78,269
79,269
40,270
41,270
42,270
43,270
44,270
45,270
46,270
47,270
48,270
49,270
50,270
51,270
52,270
53,270
54,270
55,270
56,270
57,270
58,270
59,270
60,270
61,270
62,270
63,270
64,270
65,270
66,270
67,270
68,270
69,270
70,270
71,270
72,270
73,270
74,270
75,270
76,270
77,270
78,270
79,270
40,271
41,271
42,271
43,271
44,271
45,271
46,271
47,271
48,271
49,271
50,271
51,271
52,271
53,271
54,271
55,271
56,271
57,271
58,271
59,271
60,271
61,271
62,271
63,271
64,271
65,271
66,271
67,271
68,271
69,271
70,271
71,271
72,271
73,271
74,271
75,271
76,271
77,271
78,271
79,271
40,272
41,272
42,272
43,272
44,272
45,272
46,272
47,272
48,272
49,272
50,272
51,272
52,272
53,272
54,272
55,272
56,272
57,272
58,272
59,272
60,272
61,272
62,272
63,272
64,272
65,272
66,272
67,272
68,272
69,272
70,272
71,272
72,272
73,272
74,272
75,272
76,272
77,272
78,272
79,272
40,273
41,273
42,273
43,273
44,273
45,273
46,273
47,273
48,273
49,273
50,273
51,273
52,273
53,273
54,273
55,273
56,273
57,273
58,273
59,273
60,273
61,273
62,273
63,273
64,273
65,273
66,273
67,273
68,273
69,273
70,273
71,273
72,273
73,273
74,273
75,273
76,273
77,273
78,273
79,273
40,274
41,274
42,274
43,274
44,274
45,274
46,274
47,274
48,274
49,274
50,274
51,274
52,274
53,274
54,274
55,274
56,274
57,274
58,274
59,274
60,274
61,274
62,274
63,274
64,274
65,274
66,274
67,274
68,274
69,274
70,274
71,274
72,274
73,274
74,274
75,274
76,274
77,274
78,274
79,274
40,275
41,275
42,275
43,275
44,275
45,275
46,275
47,275
48,275
49,275
50,275
51,275
52,275
53,275
54,275
55,275
56,275
57,275
58,275
59,275
60,275
61,275
62,275
63,275
64,275
65,275
66,275
67,275
68,275
69,275
70,275
71,275
72,275
73,275
74,275
75,275
76,275
77,275
78,275
79,275
40,276
41,276
42,276
43,276
44,276
45,276
46,276
47,276
48,276
49,276
50,276
51,276
52,276
53,276
54,276
55,276
56,276
57,276
58,276
59,276
60,276
61,276
62,276
63,276
64,276
65,276
66,276
67,276
68,276
69,276
70,276
71,276
72,276
73,276
74,276
75,276
76,276
77,276
78,276
79,276
40,277
41,277
42,277
43,277
44,277
45,277
46,277
47,277
48,277
49,277
50,277
51,277
52,277
53,277
54,277
55,277
56,277
57,277
58,277
59,277
60,277
61,277
62,277
63,277
64,277
65,277
66,277
67,277
68,277
69,277
70,277
71,277
72,277
73,277
74,277
75,277
76,277
77,277
78,277
79,277
40,278
41,278
42,278
43,278
44,278
45,278
46,278
47,278
48,278
49,278
50,278
51,278
52,278
53,278
54,278
55,278
56,278
57,278
58,278
59,278
60,278
61,278
62,278
63,278
64,278
65,278
66,278
67,278
68,278
69,278
70,278
71,278
72,278
73,278
74,278
75,278
76,278
77,278
78,278
79,278
40,279
41,279
42,279
43,279
44,279
45,279
46,279
47,279
48,279
49,279
50,279
51,279
52,279
53,279
54,279
55,279
56,279
57,279
58,279
59,279
60,279
61,279
62,279
63,279
64,279
65,279
66,279
67,279
68,279
69,279
70,279
71,279
72,279
73,279
74,279
75,279
76,279
77,279
78,279
79,279
